0,0,0,0,0,0,0,0,0,0,0,0,0,0,0,0,0,0,0,0,0,0,0,0,1,0,0,0,-1,0,1,0,0,0,-1,0,1,0,0,0,0,0,0,0,0,0,0,0,0,0,0,0,0,0,0,0,0,0,0,0,0,0,0,0,0,0,0,0,0,0,0,0,0,0,0,0,0,0,0,0,0,0,0,0,0,0,0,0,0,0,0,0,0,0,0,0,0,0,0,0,0,0,0,0,0,0,0,0,0,0,0,0,0,0,0,0,0,0,0,0,0,0,0,0,0,0,0,0,0,0,0,0,0,0,0,0,0,0,0,0,0,0,0,0,0,0,0,0,0,0,0,0,0,0,0,0,0,0,0,0,0,0,0,0,0,0,0,0,0,0,0,0,0,0,0,0,0,0,0,0,0,0,0,0,0,0,0,0,0,0,0,0,0,0,0,0,0,0,0,0,0,0,0,0,0,0,0,0,0,0,0,0,0,0,0,0,0,0,0,0,0,0,0,0,0,0,0,0,0,0,0,0,0,0,0,0,0,0,0,0,0,0,0,0,0,0,0,0,0,0,0,0,0,0,0,0,0,0,0,0,0,0,0,0,0,0,0,0,0,0,0,0,0,0,0,0,0,0,0,0,0,0,0,0,0,0,0,0,0,0,0,0,0,0,0,0,0,0,0,0,0,0,0,0,0,0,0,0,0,0
0,0,0,0,0,0,0,0,0,0,0,0,0,0,0,0,0,0,0,0,0,-1,0,0,1,0,0,1,0,0,0,-1,0,1,0,0,0,0,-1,0,0,0,0,0,0,0,0,0,0,0,0,0,0,0,0,0,0,0,0,0,0,0,0,0,0,0,0,0,0,0,0,0,0,0,0,0,0,0,0,0,0,0,0,0,0,0,0,0,0,0,0,0,0,0,0,0,0,0,0,0,0,0,0,0,0,0,0,0,0,0,0,0,0,0,0,0,0,0,0,0,0,0,0,0,0,0,0,0,0,0,0,0,0,0,0,0,0,0,0,0,0,0,0,0,0,0,0,0,0,0,0,0,0,0,0,0,0,0,0,0,0,0,0,0,0,0,0,0,0,0,0,0,0,0,0,0,0,0,0,0,0,0,0,0,0,0,0,0,0,0,0,0,0,0,0,0,0,0,0,0,0,0,0,0,0,0,0,0,0,0,0,0,0,0,0,0,0,0,0,0,0,0,0,0,0,0,0,0,0,0,0,0,0,0,0,0,0,0,0,0,0,0,0,0,0,0,0,0,0,0,0,0,0,0,0,0,0,0,0,0,0,0,0,0,0,0,0,0,0,0,0,0,0,0,0,0,0,0,0,0,0,0,0,0,0,0,0,0,0,0,0,0,0,0,0,0,0,0,0,0,0,0,0,0,0,0,0,0,0,0
0,0,0,0,0,0,0,0,0,0,0,0,0,0,0,0,0,0,0,0,0,-1,0,0,1,0,0,1,0,0,0,-1,0,1,0,0,0,-1,0,0,0,0,0,0,0,0,0,0,0,0,0,0,0,0,0,0,0,0,0,0,0,0,0,0,0,0,0,0,0,0,0,0,0,0,0,0,0,0,0,0,0,0,0,0,0,0,0,0,0,0,0,0,0,0,0,0,0,0,0,0,0,0,0,0,0,0,0,0,0,0,0,0,0,0,0,0,0,0,0,0,0,0,0,0,0,0,0,0,0,0,0,0,0,0,0,0,0,0,0,0,0,0,0,0,0,0,0,0,0,0,0,0,0,0,0,0,0,0,0,0,0,0,0,0,0,0,0,0,0,0,0,0,0,0,0,0,0,0,0,0,0,0,0,0,0,0,0,0,0,0,0,0,0,0,0,0,0,0,0,0,0,0,0,0,0,0,0,0,0,0,0,0,0,0,0,0,0,0,0,0,0,0,0,0,0,0,0,0,0,0,0,0,0,0,0,0,0,0,0,0,0,0,0,0,0,0,0,0,0,0,0,0,0,0,0,0,0,0,0,0,0,0,0,0,0,0,0,0,0,0,0,0,0,0,0,0,0,0,0,0,0,0,0,0,0,0,0,0,0,0,0,0,0,0,0,0,0,0,0,0,0,0,0,0,0,0,0,0,0,0
0,0,0,0,0,0,0,0,0,0,0,0,0,0,0,0,0,0,0,0,0,0,0,0,0,0,1,0,0,0,0,0,0,0,0,0,0,0,0,0,0,0,0,0,0,0,0,0,0,0,0,0,0,0,0,0,0,0,0,0,0,0,0,0,0,0,0,0,0,0,0,0,0,0,0,0,0,0,0,0,0,0,0,0,0,0,0,0,0,0,0,0,0,0,0,0,0,0,0,0,0,0,0,0,0,0,0,0,0,0,0,0,0,0,0,0,0,0,0,0,0,0,0,0,0,0,0,0,0,0,0,0,0,0,0,0,0,0,0,0,0,0,0,0,0,0,0,0,0,0,0,0,0,0,0,0,0,0,0,0,0,0,0,0,0,0,0,0,0,0,0,0,0,0,0,0,0,0,0,0,0,0,0,0,0,0,0,0,0,0,0,0,0,0,0,0,0,0,0,0,0,0,0,0,0,0,0,0,0,0,0,0,0,0,0,0,0,0,0,0,0,0,0,0,0,0,0,0,0,0,0,0,0,0,0,0,0,0,0,0,0,0,0,0,0,0,0,0,0,0,0,0,0,0,0,0,0,0,0,0,0,0,0,0,0,0,0,0,0,0,0,0,0,0,0,0,0,0,0,0,0,0,0,0,0,0,0,0,0,0,0,0,0,0,0,0,0,0,0,0,0,0,0,0,0,0,0,0,0,0
0,0,0,0,0,0,0,0,0,0,0,0,0,0,0,0,0,0,0,0,0,0,0,0,1,0,0,0,0,0,0,0,0,0,0,0,0,0,0,0,0,0,0,0,0,0,0,0,0,0,0,0,0,0,0,0,0,0,0,0,0,0,0,0,0,0,0,0,0,0,0,0,0,0,0,0,0,0,0,0,0,0,0,0,0,0,0,0,0,0,0,0,0,0,0,0,0,0,0,0,0,0,0,0,0,0,0,0,0,0,0,0,0,0,0,0,0,0,0,0,0,0,0,0,0,0,0,0,0,0,0,0,0,0,0,0,0,0,0,0,0,0,0,0,0,0,0,0,0,0,0,0,0,0,0,0,0,0,0,0,0,0,0,0,0,0,0,0,0,0,0,0,0,0,0,0,0,0,0,0,0,0,0,0,0,0,0,0,0,0,0,0,0,0,0,0,0,0,0,0,0,0,0,0,0,0,0,0,0,0,0,0,0,0,0,0,0,0,0,0,0,0,0,0,0,0,0,0,0,0,0,0,0,0,0,0,0,0,0,0,0,0,0,0,0,0,0,0,0,0,0,0,0,0,0,0,0,0,0,0,0,0,0,0,0,0,0,0,0,0,0,0,0,0,0,0,0,0,0,0,0,0,0,0,0,0,0,0,0,0,0,0,0,0,0,0,0,0,0,0,0,0,0,0,0,0,0,0,0,0
0,0,0,0,0,0,0,0,0,0,0,0,0,0,0,0,0,0,0,0,0,0,0,1,0,0,0,0,0,0,0,0,0,0,0,0,0,0,0,0,0,0,0,0,0,0,0,0,0,0,0,0,0,0,0,0,0,0,0,0,0,0,0,0,0,0,0,0,0,0,0,0,0,0,0,0,0,0,0,0,0,0,0,0,0,0,0,0,0,0,0,0,0,0,0,0,0,0,0,0,0,0,0,0,0,0,0,0,0,0,0,0,0,0,0,0,0,0,0,0,0,0,0,0,0,0,0,0,0,0,0,0,0,0,0,0,0,0,0,0,0,0,0,0,0,0,0,0,0,0,0,0,0,0,0,0,0,0,0,0,0,0,0,0,0,0,0,0,0,0,0,0,0,0,0,0,0,0,0,0,0,0,0,0,0,0,0,0,0,0,0,0,0,0,0,0,0,0,0,0,0,0,0,0,0,0,0,0,0,0,0,0,0,0,0,0,0,0,0,0,0,0,0,0,0,0,0,0,0,0,0,0,0,0,0,0,0,0,0,0,0,0,0,0,0,0,0,0,0,0,0,0,0,0,0,0,0,0,0,0,0,0,0,0,0,0,0,0,0,0,0,0,0,0,0,0,0,0,0,0,0,0,0,0,0,0,0,0,0,0,0,0,0,0,0,0,0,0,0,0,0,0,0,0,0,0,0,0,0,0
0,0,0,0,0,0,0,0,0,0,0,0,0,0,0,0,0,0,0,0,0,-1,0,0,1,0,0,0,0,0,0,0,0,0,0,0,0,0,0,0,0,0,0,0,0,0,0,0,0,0,0,0,0,0,0,0,0,0,0,0,0,0,0,0,0,0,0,0,0,0,0,0,0,0,0,0,0,0,0,0,0,0,0,0,0,0,0,0,0,0,0,0,0,0,0,0,0,0,0,0,0,0,0,0,0,0,0,0,0,0,0,0,0,0,0,0,0,0,0,0,0,0,0,0,0,0,0,0,0,0,0,0,0,0,0,0,0,0,0,0,0,0,0,0,0,0,0,0,0,0,0,0,0,0,0,0,0,0,0,0,0,0,0,0,0,0,0,0,0,0,0,0,0,0,0,0,0,0,0,0,0,0,0,0,0,0,0,0,0,0,0,0,0,0,0,0,0,0,0,0,0,0,0,0,0,0,0,0,0,0,0,0,0,0,0,0,0,0,0,0,0,0,0,0,0,0,0,0,0,0,0,0,0,0,0,0,0,0,0,0,0,0,0,0,0,0,0,0,0,0,0,0,0,0,0,0,0,0,0,0,0,0,0,0,0,0,0,0,0,0,0,0,0,0,0,0,0,0,0,0,0,0,0,0,0,0,0,0,0,0,0,0,0,0,0,0,0,0,0,0,0,0,0,0,0,0,0,0,0,0
0,0,0,0,0,0,0,0,0,0,0,0,0,0,0,0,0,0,0,0,0,0,0,0,0,0,0,0,0,0,0,0,0,0,0,0,0,0,0,0,0,0,0,0,0,0,0,0,0,0,1,0,0,0,-1,0,1,0,0,0,-1,0,1,0,0,0,-1,0,1,0,0,0,0,0,0,0,0,0,0,0,0,0,0,0,0,0,0,0,0,0,0,0,0,0,0,0,0,0,0,0,0,0,0,0,0,0,0,0,0,0,0,0,0,0,0,0,0,0,0,0,0,0,0,0,0,0,0,0,0,0,0,0,0,0,0,0,0,0,0,0,0,0,0,0,0,0,0,0,0,0,0,0,0,0,0,0,0,0,0,0,0,0,0,0,0,0,0,0,0,0,0,0,0,0,0,0,0,0,0,0,0,0,0,0,0,0,0,0,0,0,0,0,0,0,0,0,0,0,0,0,0,0,0,0,0,0,0,0,0,0,0,0,0,0,0,0,0,0,0,0,0,0,0,0,0,0,0,0,0,0,0,0,0,0,0,0,0,0,0,0,0,0,0,0,0,0,0,0,0,0,0,0,0,0,0,0,0,0,0,0,0,0,0,0,0,0,0,0,0,0,0,0,0,0,0,0,0,0,0,0,0,0,0,0,0,0,0,0,0,0,0,0,0,0,0,0,0,0,0,0,0,0,0,0,0,0,0,0,0,0
0,0,0,0,0,0,0,0,0,0,0,0,0,0,0,0,0,0,0,0,0,0,0,0,0,0,0,0,0,0,0,0,0,0,0,0,0,0,0,0,0,0,0,0,0,0,0,0,0,0,1,0,0,0,-1,0,1,0,0,0,-1,0,1,0,0,0,0,-1,0,0,0,0,0,0,0,0,0,0,0,0,0,0,0,0,0,0,0,0,0,0,0,0,0,0,0,0,0,0,0,0,0,0,0,0,0,0,0,0,0,0,0,0,0,0,0,0,0,0,0,0,0,0,0,0,0,0,0,0,0,0,0,0,0,0,0,0,0,0,0,0,0,0,0,0,0,0,0,0,0,0,0,0,0,0,0,0,0,0,0,0,0,0,0,0,0,0,0,0,0,0,0,0,0,0,0,0,0,0,0,0,0,0,0,0,0,0,0,0,0,0,0,0,0,0,0,0,0,0,0,0,0,0,0,0,0,0,0,0,0,0,0,0,0,0,0,0,0,0,0,0,0,0,0,0,0,0,0,0,0,0,0,0,0,0,0,0,0,0,0,0,0,0,0,0,0,0,0,0,0,0,0,0,0,0,0,0,0,0,0,0,0,0,0,0,0,0,0,0,0,0,0,0,0,0,0,0,0,0,0,0,0,0,0,0,0,0,0,0,0,0,0,0,0,0,0,0,0,0,0,0,0,0,0,0,0,0,0,0,0,0
0,0,0,0,0,0,0,0,0,0,0,0,0,0,0,0,0,0,0,0,0,0,0,0,0,0,0,0,0,0,0,0,0,0,0,0,0,0,0,0,0,0,0,0,0,0,0,0,0,0,1,0,0,0,-1,0,1,0,0,0,-1,0,1,0,0,0,-1,0,0,0,0,0,0,0,0,0,0,0,0,0,0,0,0,0,0,0,0,0,0,0,0,0,0,0,0,0,0,0,0,0,0,0,0,0,0,0,0,0,0,0,0,0,0,0,0,0,0,0,0,0,0,0,0,0,0,0,0,0,0,0,0,0,0,0,0,0,0,0,0,0,0,0,0,0,0,0,0,0,0,0,0,0,0,0,0,0,0,0,0,0,0,0,0,0,0,0,0,0,0,0,0,0,0,0,0,0,0,0,0,0,0,0,0,0,0,0,0,0,0,0,0,0,0,0,0,0,0,0,0,0,0,0,0,0,0,0,0,0,0,0,0,0,0,0,0,0,0,0,0,0,0,0,0,0,0,0,0,0,0,0,0,0,0,0,0,0,0,0,0,0,0,0,0,0,0,0,0,0,0,0,0,0,0,0,0,0,0,0,0,0,0,0,0,0,0,0,0,0,0,0,0,0,0,0,0,0,0,0,0,0,0,0,0,0,0,0,0,0,0,0,0,0,0,0,0,0,0,0,0,0,0,0,0,0,0,0,0,0,0,0
0,-1,0,0,0,1,0,0,0,0,0,0,0,0,0,0,0,0,0,0,0,0,0,0,0,0,0,0,0,0,0,0,0,0,0,0,0,0,0,0,0,0,0,0,0,0,0,0,0,0,0,0,0,0,0,0,0,0,0,0,0,0,0,0,0,0,0,0,0,0,0,0,0,0,0,0,0,0,0,0,1,0,0,0,0,0,0,0,0,0,0,0,0,0,0,0,-1,0,1,0,0,0,-1,0,1,0,0,0,-1,0,1,0,0,0,0,0,0,0,0,0,0,0,0,0,0,0,0,0,0,0,0,0,0,0,0,0,0,0,0,0,0,0,0,0,0,0,0,0,0,0,0,0,0,0,0,0,0,0,0,0,0,0,0,0,0,0,0,0,0,0,0,0,0,0,0,0,0,0,0,0,0,0,0,0,0,0,0,0,0,0,0,0,0,0,0,0,0,0,0,0,0,0,0,0,0,0,0,0,0,0,0,0,0,0,0,0,0,0,0,0,0,0,0,0,0,0,0,0,0,0,0,0,0,0,0,0,0,0,0,0,0,0,0,0,0,0,0,0,0,0,0,0,0,0,0,0,0,0,0,0,0,0,0,0,0,0,0,0,0,0,0,0,0,0,0,0,0,0,0,0,0,0,0,0,0,0,0,0,0,0,0,0,0,0,0,0,0,0,0,0,0,0,0,0,0,0,0,0,0,0
0,-1,0,0,0,1,0,0,0,0,0,0,0,0,0,0,0,0,0,0,0,0,0,0,0,0,0,0,0,0,0,0,0,0,0,0,0,0,0,0,0,0,0,0,0,0,0,0,0,0,0,0,0,0,0,0,0,0,0,0,0,0,0,0,0,0,0,0,0,0,0,0,0,0,0,0,0,0,0,0,1,0,0,0,0,0,0,0,0,0,0,0,0,0,0,0,-1,0,1,0,0,0,-1,0,1,0,0,0,0,-1,0,0,0,0,0,0,0,0,0,0,0,0,0,0,0,0,0,0,0,0,0,0,0,0,0,0,0,0,0,0,0,0,0,0,0,0,0,0,0,0,0,0,0,0,0,0,0,0,0,0,0,0,0,0,0,0,0,0,0,0,0,0,0,0,0,0,0,0,0,0,0,0,0,0,0,0,0,0,0,0,0,0,0,0,0,0,0,0,0,0,0,0,0,0,0,0,0,0,0,0,0,0,0,0,0,0,0,0,0,0,0,0,0,0,0,0,0,0,0,0,0,0,0,0,0,0,0,0,0,0,0,0,0,0,0,0,0,0,0,0,0,0,0,0,0,0,0,0,0,0,0,0,0,0,0,0,0,0,0,0,0,0,0,0,0,0,0,0,0,0,0,0,0,0,0,0,0,0,0,0,0,0,0,0,0,0,0,0,0,0,0,0,0,0,0,0,0,0,0,0
0,-1,0,0,0,1,0,0,0,0,0,0,0,0,0,0,0,0,0,0,0,0,0,0,0,0,0,0,0,0,0,0,0,0,0,0,0,0,0,0,0,0,0,0,0,0,0,0,0,0,0,0,0,0,0,0,0,0,0,0,0,0,0,0,0,0,0,0,0,0,0,0,0,0,0,0,0,0,0,0,1,0,0,0,0,0,0,0,0,0,0,0,0,0,0,0,-1,0,1,0,0,0,-1,0,1,0,0,0,-1,0,0,0,0,0,0,0,0,0,0,0,0,0,0,0,0,0,0,0,0,0,0,0,0,0,0,0,0,0,0,0,0,0,0,0,0,0,0,0,0,0,0,0,0,0,0,0,0,0,0,0,0,0,0,0,0,0,0,0,0,0,0,0,0,0,0,0,0,0,0,0,0,0,0,0,0,0,0,0,0,0,0,0,0,0,0,0,0,0,0,0,0,0,0,0,0,0,0,0,0,0,0,0,0,0,0,0,0,0,0,0,0,0,0,0,0,0,0,0,0,0,0,0,0,0,0,0,0,0,0,0,0,0,0,0,0,0,0,0,0,0,0,0,0,0,0,0,0,0,0,0,0,0,0,0,0,0,0,0,0,0,0,0,0,0,0,0,0,0,0,0,0,0,0,0,0,0,0,0,0,0,0,0,0,0,0,0,0,0,0,0,0,0,0,0,0,0,0,0,0,0
0,0,0,1,0,0,0,0,0,0,0,0,0,0,0,0,0,0,0,0,0,0,0,0,0,0,0,0,0,0,0,0,0,0,0,0,0,0,0,0,0,0,0,0,0,0,0,0,0,0,0,0,0,0,0,0,0,0,0,0,0,0,0,0,0,0,0,0,0,0,0,0,0,0,0,0,0,0,0,0,0,0,0,0,0,0,0,0,0,0,0,0,0,0,0,0,0,0,0,0,0,0,0,0,0,0,0,0,0,0,0,0,0,0,0,0,0,0,0,0,0,0,0,0,0,0,0,0,0,0,0,0,0,0,0,0,0,0,0,0,0,0,0,0,0,0,0,0,0,0,0,0,0,0,0,0,0,0,0,0,0,0,0,0,0,0,0,0,0,0,0,0,0,0,0,0,0,0,0,0,0,0,0,0,0,0,0,0,0,0,0,0,0,0,0,0,0,0,0,0,0,0,0,0,0,0,0,0,0,0,0,0,0,0,0,0,0,0,0,0,0,0,0,0,0,0,0,0,0,0,0,0,0,0,0,0,0,0,0,0,0,0,0,0,0,0,0,0,0,0,0,0,0,0,0,0,0,0,0,0,0,0,0,0,0,0,0,0,0,0,0,0,0,0,0,0,0,0,0,0,0,0,0,0,0,0,0,0,0,0,0,0,0,0,0,0,0,0,0,0,0,0,0,0,0,0,0,0,0,0
0,0,1,0,0,0,0,0,0,0,0,0,0,0,0,0,0,0,0,0,0,0,0,0,0,0,0,0,0,0,0,0,0,0,0,0,0,0,0,0,0,0,0,0,0,0,0,0,0,0,0,0,0,0,0,0,0,0,0,0,0,0,0,0,0,0,0,0,0,0,0,0,0,0,0,0,0,0,0,0,0,0,0,0,0,0,0,0,0,0,0,0,0,0,0,0,0,0,0,0,0,0,0,0,0,0,0,0,0,0,0,0,0,0,0,0,0,0,0,0,0,0,0,0,0,0,0,0,0,0,0,0,0,0,0,0,0,0,0,0,0,0,0,0,0,0,0,0,0,0,0,0,0,0,0,0,0,0,0,0,0,0,0,0,0,0,0,0,0,0,0,0,0,0,0,0,0,0,0,0,0,0,0,0,0,0,0,0,0,0,0,0,0,0,0,0,0,0,0,0,0,0,0,0,0,0,0,0,0,0,0,0,0,0,0,0,0,0,0,0,0,0,0,0,0,0,0,0,0,0,0,0,0,0,0,0,0,0,0,0,0,0,0,0,0,0,0,0,0,0,0,0,0,0,0,0,0,0,0,0,0,0,0,0,0,0,0,0,0,0,0,0,0,0,0,0,0,0,0,0,0,0,0,0,0,0,0,0,0,0,0,0,0,0,0,0,0,0,0,0,0,0,0,0,0,0,0,0,0,0
-1,0,0,1,0,0,0,0,0,0,0,0,0,0,0,0,0,0,0,0,0,0,0,0,0,0,0,0,0,0,0,0,0,0,0,0,0,0,0,0,0,0,0,0,0,0,0,0,0,0,0,0,0,0,0,0,0,0,0,0,0,0,0,0,0,0,0,0,0,0,0,0,0,0,0,0,0,0,0,0,0,0,0,0,0,0,0,0,0,0,0,0,0,0,0,0,0,0,0,0,0,0,0,0,0,0,0,0,0,0,0,0,0,0,0,0,0,0,0,0,0,0,0,0,0,0,0,0,0,0,0,0,0,0,0,0,0,0,0,0,0,0,0,0,0,0,0,0,0,0,0,0,0,0,0,0,0,0,0,0,0,0,0,0,0,0,0,0,0,0,0,0,0,0,0,0,0,0,0,0,0,0,0,0,0,0,0,0,0,0,0,0,0,0,0,0,0,0,0,0,0,0,0,0,0,0,0,0,0,0,0,0,0,0,0,0,0,0,0,0,0,0,0,0,0,0,0,0,0,0,0,0,0,0,0,0,0,0,0,0,0,0,0,0,0,0,0,0,0,0,0,0,0,0,0,0,0,0,0,0,0,0,0,0,0,0,0,0,0,0,0,0,0,0,0,0,0,0,0,0,0,0,0,0,0,0,0,0,0,0,0,0,0,0,0,0,0,0,0,0,0,0,0,0,0,0,0,0,0,0
0,1,0,0,0,-1,0,0,0,0,0,0,0,0,0,0,0,0,0,0,0,0,0,0,0,0,0,0,0,0,0,0,0,0,0,0,0,0,0,0,0,0,0,0,0,0,0,0,0,0,0,0,0,0,0,0,0,0,0,0,0,0,0,0,0,0,0,0,0,0,0,0,0,0,0,0,0,0,0,0,-1,0,0,0,0,0,0,0,0,0,0,0,0,0,0,0,1,0,-1,0,0,0,0,0,0,0,0,0,0,0,0,0,0,0,0,0,0,0,0,0,0,0,0,0,0,0,0,0,0,0,0,0,0,0,0,0,0,0,0,0,0,0,0,0,0,0,0,0,0,0,0,0,0,0,0,0,0,0,0,0,0,0,0,0,0,0,0,0,0,0,0,0,0,0,0,0,0,0,0,0,0,0,0,0,0,0,0,0,0,0,0,0,0,0,0,0,0,0,0,0,0,0,0,0,0,0,0,0,0,0,0,0,0,0,0,0,0,0,0,0,0,0,0,0,0,0,0,0,0,0,0,0,0,0,0,0,0,0,0,0,0,0,0,0,0,0,0,0,0,0,0,0,0,0,0,0,0,0,0,0,0,0,0,0,0,0,0,0,0,0,0,0,0,0,0,0,0,0,0,0,0,0,0,0,0,0,0,0,0,0,0,0,0,0,0,0,0,0,0,0,0,0,0,0,0,0,0,0,0,0
0,0,0,-1,0,0,0,0,0,0,0,0,0,0,0,0,0,0,0,0,0,0,0,0,0,0,0,0,0,0,0,0,0,0,0,0,0,0,0,0,0,0,0,0,0,0,0,0,0,0,0,0,0,0,0,0,0,0,0,0,0,0,0,0,0,0,0,0,0,0,0,0,0,0,0,0,0,0,0,0,0,1,0,0,0,0,0,0,0,0,0,0,0,0,0,-1,0,0,0,0,1,0,0,0,0,0,0,0,0,0,0,0,0,0,0,0,0,0,0,0,0,0,0,0,0,0,0,0,0,0,0,0,0,0,0,0,0,0,0,0,0,0,0,0,0,0,0,0,0,0,0,0,0,0,0,0,0,0,0,0,0,0,0,0,0,0,0,0,0,0,0,0,0,0,0,0,0,0,0,0,0,0,0,0,0,0,0,0,0,0,0,0,0,0,0,0,0,0,0,0,0,0,0,0,0,0,0,0,0,0,0,0,0,0,0,0,0,0,0,0,0,0,0,0,0,0,0,0,0,0,0,0,0,0,0,0,0,0,0,0,0,0,0,0,0,0,0,0,0,0,0,0,0,0,0,0,0,0,0,0,0,0,0,0,0,0,0,0,0,0,0,0,0,0,0,0,0,0,0,0,0,0,0,0,0,0,0,0,0,0,0,0,0,0,0,0,0,0,0,0,0,0,0,0,0,0,0,0,0,0
0,0,0,-1,0,0,0,0,0,0,0,0,0,0,0,0,0,0,0,0,0,0,0,0,0,0,0,0,0,0,0,0,0,0,0,0,0,0,0,0,0,0,0,0,0,0,0,0,0,0,0,0,0,0,0,0,0,0,0,0,0,0,0,0,0,0,0,0,0,0,0,0,0,0,0,0,0,0,0,0,0,1,0,0,0,0,0,0,0,0,0,0,0,0,0,-1,0,0,0,1,0,0,0,0,0,0,0,0,0,0,0,0,0,0,0,0,0,0,0,0,0,0,0,0,0,0,0,0,0,0,0,0,0,0,0,0,0,0,0,0,0,0,0,0,0,0,0,0,0,0,0,0,0,0,0,0,0,0,0,0,0,0,0,0,0,0,0,0,0,0,0,0,0,0,0,0,0,0,0,0,0,0,0,0,0,0,0,0,0,0,0,0,0,0,0,0,0,0,0,0,0,0,0,0,0,0,0,0,0,0,0,0,0,0,0,0,0,0,0,0,0,0,0,0,0,0,0,0,0,0,0,0,0,0,0,0,0,0,0,0,0,0,0,0,0,0,0,0,0,0,0,0,0,0,0,0,0,0,0,0,0,0,0,0,0,0,0,0,0,0,0,0,0,0,0,0,0,0,0,0,0,0,0,0,0,0,0,0,0,0,0,0,0,0,0,0,0,0,0,0,0,0,0,0,0,0,0,0,0,0
0,1,0,0,0,-1,0,0,0,0,0,0,0,0,0,0,0,0,0,0,0,0,0,0,0,0,0,0,0,0,0,0,0,0,0,0,0,0,0,0,0,0,0,0,0,0,0,0,0,0,0,0,0,0,0,0,0,0,0,0,0,0,0,0,0,0,0,0,0,0,0,0,0,0,0,0,0,0,0,0,-1,0,0,0,0,0,0,0,0,0,0,0,0,0,0,0,1,0,-1,0,0,0,1,0,-1,0,0,0,1,0,-1,0,0,0,0,0,0,0,0,0,0,0,0,0,0,0,0,0,0,0,0,0,0,0,0,0,0,0,0,0,0,0,0,0,0,0,0,0,0,0,0,0,0,0,0,0,0,0,0,0,0,0,0,0,0,0,0,0,0,0,0,0,0,0,0,0,0,0,0,0,0,0,0,0,0,0,0,0,0,0,0,0,0,0,0,0,0,0,0,0,0,0,0,0,0,0,0,0,0,0,0,0,0,0,0,0,0,0,0,0,0,0,0,0,0,0,0,0,0,0,0,0,0,0,0,0,0,0,0,0,0,0,0,0,0,0,0,0,0,0,0,0,0,0,0,0,0,0,0,0,0,0,0,0,0,0,0,0,0,0,0,0,0,0,0,0,0,0,0,0,0,0,0,0,0,0,0,0,0,0,0,0,0,0,0,0,0,0,0,0,0,0,0,0,0,0,0,0,0,0
0,0,0,-1,0,0,0,0,0,0,0,0,0,0,0,0,0,0,0,0,0,0,0,0,0,0,0,0,0,0,0,0,0,0,0,0,0,0,0,0,0,0,0,0,0,0,0,0,0,0,0,0,0,0,0,0,0,0,0,0,0,0,0,0,0,0,0,0,0,0,0,0,0,0,0,0,0,0,0,0,0,1,0,0,0,0,0,0,0,0,0,0,0,0,0,-1,0,0,0,1,0,-1,0,0,0,1,0,-1,0,0,0,0,1,0,0,0,0,0,0,0,0,0,0,0,0,0,0,0,0,0,0,0,0,0,0,0,0,0,0,0,0,0,0,0,0,0,0,0,0,0,0,0,0,0,0,0,0,0,0,0,0,0,0,0,0,0,0,0,0,0,0,0,0,0,0,0,0,0,0,0,0,0,0,0,0,0,0,0,0,0,0,0,0,0,0,0,0,0,0,0,0,0,0,0,0,0,0,0,0,0,0,0,0,0,0,0,0,0,0,0,0,0,0,0,0,0,0,0,0,0,0,0,0,0,0,0,0,0,0,0,0,0,0,0,0,0,0,0,0,0,0,0,0,0,0,0,0,0,0,0,0,0,0,0,0,0,0,0,0,0,0,0,0,0,0,0,0,0,0,0,0,0,0,0,0,0,0,0,0,0,0,0,0,0,0,0,0,0,0,0,0,0,0,0,0,0,0,0,0,0
0,0,0,-1,0,0,0,0,0,0,0,0,0,0,0,0,0,0,0,0,0,0,0,0,0,0,0,0,0,0,0,0,0,0,0,0,0,0,0,0,0,0,0,0,0,0,0,0,0,0,0,0,0,0,0,0,0,0,0,0,0,0,0,0,0,0,0,0,0,0,0,0,0,0,0,0,0,0,0,0,0,1,0,0,0,0,0,0,0,0,0,0,0,0,0,-1,0,0,0,1,0,-1,0,0,0,1,0,-1,0,0,0,1,0,0,0,0,0,0,0,0,0,0,0,0,0,0,0,0,0,0,0,0,0,0,0,0,0,0,0,0,0,0,0,0,0,0,0,0,0,0,0,0,0,0,0,0,0,0,0,0,0,0,0,0,0,0,0,0,0,0,0,0,0,0,0,0,0,0,0,0,0,0,0,0,0,0,0,0,0,0,0,0,0,0,0,0,0,0,0,0,0,0,0,0,0,0,0,0,0,0,0,0,0,0,0,0,0,0,0,0,0,0,0,0,0,0,0,0,0,0,0,0,0,0,0,0,0,0,0,0,0,0,0,0,0,0,0,0,0,0,0,0,0,0,0,0,0,0,0,0,0,0,0,0,0,0,0,0,0,0,0,0,0,0,0,0,0,0,0,0,0,0,0,0,0,0,0,0,0,0,0,0,0,0,0,0,0,0,0,0,0,0,0,0,0,0,0,0,0,0
0,0,0,0,0,0,0,-1,0,0,0,1,1,0,0,0,0,0,0,0,0,0,0,0,0,0,0,0,0,0,0,0,0,0,0,0,0,0,0,0,0,0,0,0,0,0,0,0,0,0,0,0,0,0,0,0,0,0,0,0,0,0,0,0,0,0,0,0,0,0,0,0,0,0,0,0,0,0,0,0,0,0,0,0,0,0,0,0,0,0,-1,0,1,0,0,0,0,0,0,0,0,0,0,0,0,0,0,0,0,0,0,0,0,0,0,0,0,0,0,0,0,0,0,0,0,0,0,0,0,0,0,0,0,0,0,0,0,0,0,0,0,0,0,0,0,0,0,0,0,0,0,0,0,0,0,0,0,0,0,0,0,0,0,0,0,0,0,0,0,0,0,0,0,0,0,0,0,0,0,0,0,0,0,0,0,0,0,0,0,0,0,0,0,0,0,0,0,0,0,0,0,0,0,0,0,0,0,0,0,0,0,0,0,0,0,0,0,0,0,0,0,0,0,0,0,0,0,0,0,0,0,0,0,0,0,0,0,0,0,0,0,0,0,0,0,0,0,0,0,0,0,0,0,0,0,0,0,0,0,0,0,0,0,0,0,0,0,0,0,0,0,0,0,0,0,0,0,0,0,0,0,0,0,0,0,0,0,0,0,0,0,0,0,0,0,0,0,0,0,0,0,0,0,0,0,0,0,0,0,0
0,0,0,0,0,0,0,-1,0,0,0,1,1,0,0,0,0,0,0,0,0,0,0,0,0,0,0,0,0,0,0,0,0,0,0,0,0,0,0,0,0,0,0,0,0,0,0,0,0,0,0,0,0,0,0,0,0,0,0,0,0,0,0,0,0,0,0,0,0,0,0,0,0,0,0,0,0,0,0,0,0,0,0,0,0,0,0,0,0,0,0,-1,0,0,0,0,0,0,0,0,0,0,0,0,0,0,0,0,0,0,0,0,0,0,0,0,0,0,0,0,0,0,0,0,0,0,0,0,0,0,0,0,0,0,0,0,0,0,0,0,0,0,0,0,0,0,0,0,0,0,0,0,0,0,0,0,0,0,0,0,0,0,0,0,0,0,0,0,0,0,0,0,0,0,0,0,0,0,0,0,0,0,0,0,0,0,0,0,0,0,0,0,0,0,0,0,0,0,0,0,0,0,0,0,0,0,0,0,0,0,0,0,0,0,0,0,0,0,0,0,0,0,0,0,0,0,0,0,0,0,0,0,0,0,0,0,0,0,0,0,0,0,0,0,0,0,0,0,0,0,0,0,0,0,0,0,0,0,0,0,0,0,0,0,0,0,0,0,0,0,0,0,0,0,0,0,0,0,0,0,0,0,0,0,0,0,0,0,0,0,0,0,0,0,0,0,0,0,0,0,0,0,0,0,0,0,0,0,0,0
0,0,0,0,0,0,0,-1,0,0,0,1,1,0,0,0,0,0,0,0,0,0,0,0,0,0,0,0,0,0,0,0,0,0,0,0,0,0,0,0,0,0,0,0,0,0,0,0,0,0,0,0,0,0,0,0,0,0,0,0,0,0,0,0,0,0,0,0,0,0,0,0,0,0,0,0,0,0,0,0,0,0,0,0,0,0,0,0,0,0,-1,0,0,0,0,0,0,0,0,0,0,0,0,0,0,0,0,0,0,0,0,0,0,0,0,0,0,0,0,0,0,0,0,0,0,0,0,0,0,0,0,0,0,0,0,0,0,0,0,0,0,0,0,0,0,0,0,0,0,0,0,0,0,0,0,0,0,0,0,0,0,0,0,0,0,0,0,0,0,0,0,0,0,0,0,0,0,0,0,0,0,0,0,0,0,0,0,0,0,0,0,0,0,0,0,0,0,0,0,0,0,0,0,0,0,0,0,0,0,0,0,0,0,0,0,0,0,0,0,0,0,0,0,0,0,0,0,0,0,0,0,0,0,0,0,0,0,0,0,0,0,0,0,0,0,0,0,0,0,0,0,0,0,0,0,0,0,0,0,0,0,0,0,0,0,0,0,0,0,0,0,0,0,0,0,0,0,0,0,0,0,0,0,0,0,0,0,0,0,0,0,0,0,0,0,0,0,0,0,0,0,0,0,0,0,0,0,0,0,0
0,0,0,0,0,0,0,0,0,0,0,0,0,0,0,0,0,0,0,0,0,1.96917937140995e-14,0,0,1.15241149956091e-13,0,0,-1.96917937140995e-14,-2.38697950294409e-13,0,2.38697950294409e-13,1.96917937140995e-14,0,-1.96917937140995e-14,-2.38697950294409e-13,0,2.38697950294409e-13,1.96917937140995e-14,0,-1.19348975147204e-13,-1.18682841332429e-13,-9.43689570931383e-16,0,6.66133814775094e-16,9.43689570931383e-16,0,2.74110095040309e-14,0,0,0,0,0,0,0,0,0,0,0,0,0,0,0,0,0,0,0,0,0,0,0,0,0,0,0,0,0,0,0,0,0,0,0,0,0,0,0,0,0,0,0,0,0,0,0,0,0,0,0,0,0,0,0,0,0,0,0,0,0,0,0,0,0,0,0,0,0,0,0,0,1.04213512819307e-15,-1.38658615839171e-15,0,0,0,0,0,0,0,0,0,0,0,0,0,0,0,0,0,0,0,0,0,0,0,0,0,0,0,3.04896950796006e-15,-8.65973959207622e-15,-8.7360674250192e-15,0,0,0,0,0,0,0,0,0,0,0,0,0,0,0,0,0,0,0,0,0,0,0,-8.70137295549966e-15,0,0,0,0,0,0,0,0,0,0,0,0,0,0,0,0,0,0,0,0,0,0,0,0,0,0,0,0,0,0,0,0,0,1.26539946056214e-15,8.12228363451621e-16,-2.9002958685403e-15,-3.5441078240564e-15,2.09120915029004e-15,-4.80995451801469e-15,1.12583553590895e-15,6.30788823952066e-16,-5.18779897512589e-15,-1.28369537222284e-15,-9.15933995315754e-16,-1.11022302462516e-15,1.55431223447522e-15,1.06858966120171e-15,1.12757025938492e-15,-1.22124532708767e-15,-9.99200722162641e-16,-1.07552855510562e-15,0,0,0,0,0,0,0,0,0,0,0,0,0,0,0,0,0,0,0,0,0,0,0,0,0,0,0,0,0,0,0,0,0,0,0,0,0,0,0,0,0,0,0,0,0,0,0,0,0,0,0,0,0,0,0,0,0,0,0,0,0,0,0,0,0,0,0,0,0,0,0,0,0,0,0,0,0,0,0,0,0,0,0,0
0,0,0,0,0,0,0,0,0,0,0,0,0,0,0,0,0,0,0,0,0,1.24594778938558e-13,0,0,-9.21762666195036e-14,0,0,-1.24594778938558e-13,3.78187214169387e-14,0,-3.78187214169387e-14,1.24594778938558e-13,0,-1.24594778938558e-13,3.78187214169387e-14,0,-3.78187214169387e-14,1.24594778938558e-13,0,1.89095193493032e-14,1.89093655452529e-14,-2.4453571321237e-14,0,2.44536765697853e-14,2.4453571321237e-14,0,3.33066907387547e-14,0,0,0,0,0,0,0,0,0,0,0,0,0,0,0,0,0,0,0,0,0,0,0,0,0,0,0,0,0,0,0,0,0,0,0,0,0,0,0,0,0,0,0,0,0,0,0,0,0,0,0,0,0,0,0,0,0,0,0,0,0,0,0,0,0,0,0,0,0,0,0,0,8.11552007643239e-16,2.7065809158109e-15,0,0,0,0,0,0,0,0,0,0,0,0,0,0,0,0,0,0,0,0,0,0,0,0,0,0,0,7.80972508884759e-15,2.94173518614538e-15,2.9417372384758e-15,0,0,0,0,0,0,0,0,0,0,0,0,0,0,0,0,0,0,0,0,0,0,0,2.9416563516971e-15,0,0,0,0,0,0,0,0,0,0,0,0,0,0,0,0,0,0,0,0,0,0,0,0,0,0,0,0,0,0,0,0,0,2.17345266133664e-16,-5.4162674779229e-17,-6.2360293524074e-15,-4.17580466732792e-15,1.2698853470508e-15,-1.34011115464176e-15,4.42864061395154e-15,1.28716481917479e-15,3.6125616387217e-15,-4.16333634234434e-15,-1.70696790036118e-15,-3.59347968048596e-15,4.19803081186387e-15,4.02455846426619e-15,4.10782519111308e-15,-4.15639744844043e-15,-4.10782519111308e-15,-4.16333634234434e-15,0,0,0,0,0,0,0,0,0,0,0,0,0,0,0,0,0,0,0,0,0,0,0,0,0,0,0,0,0,0,0,0,0,0,0,0,0,0,0,0,0,0,0,0,0,0,0,0,0,0,0,0,0,0,0,0,0,0,0,0,0,0,0,0,0,0,0,0,0,0,0,0,0,0,0,0,0,0,0,0,0,0,0,0
0,0,0,0,0,0,0,0,0,0,0,0,0,0,0,0,0,0,0,0,0,1.81188397618826e-13,0,0,-1.33226762955019e-13,0,0,-1.81188397618826e-13,5.56250588081461e-14,0,-5.56250588081461e-14,1.81188397618826e-13,0,-1.81188397618826e-13,5.56250588081461e-14,0,-5.56250588081461e-14,1.81188397618826e-13,0,2.78127785133402e-14,2.78125394879217e-14,-3.59678446308008e-14,0,3.59680149416538e-14,3.59678446308008e-14,0,4.9737991503207e-14,0,0,0,0,0,0,0,0,0,0,0,0,0,0,0,0,0,0,0,0,0,0,0,0,0,0,0,0,0,0,0,0,0,0,0,0,0,0,0,0,0,0,0,0,0,0,0,0,0,0,0,0,0,0,0,0,0,0,0,0,0,0,0,0,0,0,0,0,0,0,0,0,1.19586610240557e-15,3.91504705682334e-15,0,0,0,0,0,0,0,0,0,0,0,0,0,0,0,0,0,0,0,0,0,0,0,0,0,0,0,1.13797860024079e-14,4.32685964165119e-15,4.32686509473598e-15,0,0,0,0,0,0,0,0,0,0,0,0,0,0,0,0,0,0,0,0,0,0,0,4.32665303270416e-15,0,0,0,0,0,0,0,0,0,0,0,0,0,0,0,0,0,0,0,0,0,0,0,0,0,0,0,0,0,0,0,0,0,2.34679625992634e-15,1.30402416295694e-16,-8.4300107042537e-15,-6.93065396739634e-15,1.9808102640767e-15,-1.05410200967188e-15,6.0433429094342e-15,2.09728068245596e-15,5.46611367280292e-15,-5.70377078901174e-15,-2.43902120722339e-15,-5.37590805205213e-15,5.59274848654923e-15,6.07847105982273e-15,5.93969318174459e-15,-5.77315972805081e-15,-5.92581539393677e-15,-5.99520433297585e-15,0,0,0,0,0,0,0,0,0,0,0,0,0,0,0,0,0,0,0,0,0,0,0,0,0,0,0,0,0,0,0,0,0,0,0,0,0,0,0,0,0,0,0,0,0,0,0,0,0,0,0,0,0,0,0,0,0,0,0,0,0,0,0,0,0,0,0,0,0,0,0,0,0,0,0,0,0,0,0,0,0,0,0,0
0,0,0,0,0,0,0,0,0,0,0,0,0,0,0,0,0,0,0,0,0,4.65069301884351e-06,0,0,-2.35059041078161e-05,0,0,-4.65069301884351e-06,1.88552110905254e-05,0,-1.88552110905254e-05,4.65069301884351e-06,0,-4.65069301884351e-06,1.88552110905254e-05,0,-1.88552110905254e-05,4.65069301884351e-06,0,8.01156375592027e-06,1.08436473346051e-05,-7.88022656885535e-06,0,1.06658825209389e-05,7.88022656885535e-06,0,4.57445210556047e-06,0,0,0,0,0,0,0,0,0,0,0,0,0,0,0,0,0,0,0,0,0,0,0,0,0,0,0,0,0,0,0,0,0,0,0,0,0,0,0,0,0,0,0,0,0,0,0,0,0,0,0,0,0,0,0,0,0,0,0,0,0,0,0,0,0,0,0,0,0,0,0,0,0.0541148976252827,0.0383937157128201,0,0,0,0,0,0,0,0,0,0,0,0,0,0,0,0,0,0,0,0,0,0,0,0,0,0,0,5.10063912251121e-07,1.18927505218081e-06,8.78666800007394e-07,0,0,0,0,0,0,0,0,0,0,0,0,0,0,0,0,0,0,0,0,0,0,0,3.74556759740345e-05,0,0,0,0,0,0,0,0,0,0,0,0,0,0,0,0,0,0,0,0,0,0,0,0,0,0,0,0,0,0,0,0,0,0.463061333403327,-0.0813729594645621,-0.0555277734929741,0.525891241845192,-0.0272580618392794,-0.0171340577801541,0.0106489531405771,-0.0540553747303038,-0.0383530168587719,0.000390878889631483,-2.20672190048378e-05,-1.40327519986745e-05,1.70238743237608e-06,-3.65670500532429e-05,-2.61560381372788e-05,5.3802699286649e-06,3.00649131389252e-07,3.68602887779371e-07,0,0,0,0,0,0,0,0,0,0,0,0,0,0,0,0,0,0,0,0,0,0,0,0,0,0,0,0,0,0,0,0,0,0,0,0,0,0,0,0,0,0,0,0,0,0,0,0,0,0,0,0,0,0,0,0,0,0,0,0,0,0,0,0,0,0,0,0,0,0,0,0,0,0,0,0,0,0,0,0,0,0,0,0
0,0,0,0,0,0,0,0,0,0,0,0,0,0,0,0,0,0,0,0,0,2.38284558284358e-05,0,0,-2.68242883751467e-05,0,0,-2.38284558284358e-05,2.99583254562851e-06,0,-2.99583254562851e-06,2.38284558284358e-05,0,-2.38284558284358e-05,2.99583254562851e-06,0,-2.99583254562851e-06,2.38284558284358e-05,0,1.27292679599129e-06,1.72290574963721e-06,-1.25205913138834e-06,0,1.69466137659403e-06,1.25205913138834e-06,0,2.34378251788527e-05,0,0,0,0,0,0,0,0,0,0,0,0,0,0,0,0,0,0,0,0,0,0,0,0,0,0,0,0,0,0,0,0,0,0,0,0,0,0,0,0,0,0,0,0,0,0,0,0,0,0,0,0,0,0,0,0,0,0,0,0,0,0,0,0,0,0,0,0,0,0,0,0,0.00859810960108221,0.00610023099327076,0,0,0,0,0,0,0,0,0,0,0,0,0,0,0,0,0,0,0,0,0,0,0,0,0,0,0,2.61338156567602e-06,1.88959375186605e-07,1.39608015163648e-07,0,0,0,0,0,0,0,0,0,0,0,0,0,0,0,0,0,0,0,0,0,0,0,5.95118943841207e-06,0,0,0,0,0,0,0,0,0,0,0,0,0,0,0,0,0,0,0,0,0,0,0,0,0,0,0,0,0,0,0,0,0,-0.0853121359745559,0.432567262863356,-0.0527109394388317,0.0287091584037044,-0.558834627535562,-0.046610708445561,0.0565396659370162,-0.00829313598367905,-0.00589170490011314,2.44092976248093e-05,-0.000299022427964745,-0.00020428921795105,3.7966443541784e-05,-1.39819412916556e-06,-1.62349364087747e-06,-1.67748889703618e-06,-4.36403593405991e-06,-2.47377355051645e-06,0,0,0,0,0,0,0,0,0,0,0,0,0,0,0,0,0,0,0,0,0,0,0,0,0,0,0,0,0,0,0,0,0,0,0,0,0,0,0,0,0,0,0,0,0,0,0,0,0,0,0,0,0,0,0,0,0,0,0,0,0,0,0,0,0,0,0,0,0,0,0,0,0,0,0,0,0,0,0,0,0,0,0,0
0,0,0,0,0,0,0,0,0,0,0,0,0,0,0,0,0,0,0,0,0,1.8065975661672e-05,0,0,-2.03373204028391e-05,0,0,-1.8065975661672e-05,2.27134474224981e-06,0,-2.27134474224981e-06,1.8065975661672e-05,0,-1.8065975661672e-05,2.27134474224981e-06,0,-2.27134474224981e-06,1.8065975661672e-05,0,9.65092521507285e-07,1.30625222074253e-06,-9.49271323556406e-07,0,1.28483823759043e-06,9.49271323556406e-07,0,1.77698119532958e-05,0,0,0,0,0,0,0,0,0,0,0,0,0,0,0,0,0,0,0,0,0,0,0,0,0,0,0,0,0,0,0,0,0,0,0,0,0,0,0,0,0,0,0,0,0,0,0,0,0,0,0,0,0,0,0,0,0,0,0,0,0,0,0,0,0,0,0,0,0,0,0,0,0.00651881262830151,0.00462500068962657,0,0,0,0,0,0,0,0,0,0,0,0,0,0,0,0,0,0,0,0,0,0,0,0,0,0,0,1.98138259975699e-06,1.43262975106121e-07,1.05846347048599e-07,0,0,0,0,0,0,0,0,0,0,0,0,0,0,0,0,0,0,0,0,0,0,0,4.51200213360727e-06,0,0,0,0,0,0,0,0,0,0,0,0,0,0,0,0,0,0,0,0,0,0,0,0,0,0,0,0,0,0,0,0,0,-0.0646809421071244,-0.05856472781747,0.38767427480868,0.0217663687755799,-0.0520459151891685,-0.607700724501693,0.0428665724688767,-0.0062875913528508,-0.00446690285272084,1.85063513940844e-05,-0.000226709273317104,-0.000154885573177656,2.87849472845547e-05,-1.06006622010405e-06,-1.23088112830618e-06,-1.2718186106278e-06,-3.30867293839709e-06,-1.87553625272165e-06,0,0,0,0,0,0,0,0,0,0,0,0,0,0,0,0,0,0,0,0,0,0,0,0,0,0,0,0,0,0,0,0,0,0,0,0,0,0,0,0,0,0,0,0,0,0,0,0,0,0,0,0,0,0,0,0,0,0,0,0,0,0,0,0,0,0,0,0,0,0,0,0,0,0,0,0,0,0,0,0,0,0,0,0
0,0,0,0,0,0,0,0,0,0,0,0,0,0,0,0,0,0,0,0,0,0,0,0,9.79709937754222e-11,0,0,0,-9.79709937754222e-11,0,9.79709937754222e-11,0,0,0,-9.79709937754222e-11,0,9.79709937754222e-11,0,0,-3.98974097588567e-11,-5.8073613503256e-11,3.9243132227248e-11,0,-5.7121589855974e-11,-3.9243132227248e-11,0,0,0,0,0,-0.0318251603417452,0,0,0,0.0318251603417452,0,-0.0318251603417452,0,0,0,0.0318251603417452,0,-0.0318251603417452,0,0,0,0.0318251603417452,0,-0.0318251603417452,0,0,0,0,0,0,0,0.03130343609886,0,0,0,0,0,0,0,0,0,0,0,0,0,0,0,0,0,0,0,0,0,0,0,0,0,0,0,0,0,0,0,0,0,0,0,0,0,-0.0133246471452411,-0.0179787889536198,0,0.013546724728724,0.0182784356130212,0,0,0,0,0,0,0,0,0,0,0,0,0,0,0,0,0,0,0,0,0,0,0,0,0,0,0,0,0,0,0,0,0,9.96128346759644e-05,7.35457008541529e-05,0,0,0,0,0,0,0,0,0,0,0,0,0,0,0,0,0,0,0,0,0,0,0,0,0,0,0,0,0,0,0,0,0,0,4.98999650413477e-09,0,0,0,0,0,0,0,0,0,0,0,0,0,0,0,0,0,0,0,0,0,0,0,0,0,0,0,0,0,0,0,0,0,0,0,0,0,-3.32597818487203e-11,-6.47536749864555e-12,-4.44865840669788e-12,-7.02246863327467e-10,-1.29294772097178e-10,-8.91992666171484e-11,7.02246863327467e-10,4.98999650413477e-09,3.83838385618421e-09,-3.43918960949356e-07,-4.98999650413477e-09,-3.83838385618421e-09,3.43918960949356e-07,2.59041483361599e-06,1.78478978261914e-06,-1.3835728492154e-05,-2.59041483361599e-06,-1.78478978261914e-06,1.3835728492154e-05,9.96128346759644e-05,7.35457008541529e-05,0.989748180808873,-9.96128346759644e-05,-7.35457008541529e-05,0,0,0,0,0,0,0,0,0,0,0,0,0,0,0,0,0,0,0,0,0,0,0,0,0,0,0,0,0,0,0,0,0,0,0,0,0,0,0,0,0,0,3.32597818487203e-11,1.29294772097178e-10,8.91992666171484e-11,0,0,0,0.0102518191911274,0.00200468410641189,0.00148573457447619,0,0,0,0,0,0,0,0,0
0,0,0,0,0,0,0,0,0,0,0,0,0,0,0,0,0,0,0,0,0,0,0,0,2.58153642772261e-08,0,0,0,-2.58153642772261e-08,0,2.58153642772261e-08,0,0,0,-2.58153642772261e-08,0,2.58153642772261e-08,0,0,-1.05129421035389e-08,-1.53024221667478e-08,1.03405997601303e-08,0,-1.50515642916255e-08,-1.03405997601303e-08,0,0,0,0,0,-0.000324276481661339,0,0,0,0.000324276481661339,0,-0.000324276481661339,0,0,0,0.000324276481661339,0,-0.000324276481661339,0,0,0,0.000324276481661339,0,-0.000324276481661339,0,0,0,0,0,0,0,0.000318960470677562,0,0,0,0,0,0,0,0,0,0,0,0,0,0,0,0,0,0,0,0,0,0,0,0,0,0,0,0,0,0,0,0,0,0,0,0,0,-0.000135768984327064,-0.000183191486350496,0,0.000138031802068867,0.000186244679592474,0,0,0,0,0,0,0,0,0,0,0,0,0,0,0,0,0,0,0,0,0,0,0,0,0,0,0,0,0,0,0,0,0,0.0366883694993466,0.00342902524742683,0,0,0,0,0,0,0,0,0,0,0,0,0,0,0,0,0,0,0,0,0,0,0,0,0,0,0,0,0,0,0,0,0,0,1.3148673030053e-06,0,0,0,0,0,0,0,0,0,0,0,0,0,0,0,0,0,0,0,0,0,0,0,0,0,0,0,0,0,0,0,0,0,0,0,0,0,-8.7639656955356e-09,-1.70626189514539e-09,-1.17222177483979e-09,-1.85042504506529e-07,-3.40692132851079e-08,-2.35042042783262e-08,1.85042504506529e-07,1.3148673030053e-06,1.01141620379478e-06,-9.06228599544135e-05,-1.3148673030053e-06,-1.01141620379478e-06,9.06228599544135e-05,0.000682575917230164,0.000470293215846064,-0.00364572304543907,-0.000682575917230164,-0.000470293215846064,0.00364572304543907,0.0366883694993466,0.00342902524742683,-0.000104458982204324,0.963311630500653,-0.00342902524742683,0,0,0,0,0,0,0,0,0,0,0,0,0,0,0,0,0,0,0,0,0,0,0,0,0,0,0,0,0,0,0,0,0,0,0,0,0,0,0,0,0,0,8.7639656955356e-09,3.40692132851079e-08,2.35042042783262e-08,0,0,0,0.000104458982204324,2.04263514109896e-05,1.51386128242589e-05,0,0,0,0,0,0,0,0,0
0,0,0,0,0,0,0,0,0,0,0,0,0,0,0,0,0,0,0,0,0,0,0,0,2.1063503100189e-08,0,0,0,-2.1063503100189e-08,0,2.1063503100189e-08,0,0,0,-2.1063503100189e-08,0,2.1063503100189e-08,0,0,-8.5778138453344e-09,-1.24856892479149e-08,8.43719472565461e-09,0,-1.22810070452261e-08,-8.43719472565461e-09,0,0,0,0,0,-0.000264586570023071,0,0,0,0.000264586570023071,0,-0.000264586570023071,0,0,0,0.000264586570023071,0,-0.000264586570023071,0,0,0,0.000264586570023071,0,-0.000264586570023071,0,0,0,0,0,0,0,0.000260249082750782,0,0,0,0,0,0,0,0,0,0,0,0,0,0,0,0,0,0,0,0,0,0,0,0,0,0,0,0,0,0,0,0,0,0,0,0,0,-0.000110777845172787,-0.000149471237577992,0,0.000112624143681928,0.000151962426341144,0,0,0,0,0,0,0,0,0,0,0,0,0,0,0,0,0,0,0,0,0,0,0,0,0,0,0,0,0,0,0,0,0,0.00378949235103614,0.0427420602821224,0,0,0,0,0,0,0,0,0,0,0,0,0,0,0,0,0,0,0,0,0,0,0,0,0,0,0,0,0,0,0,0,0,0,1.07283830128284e-06,0,0,0,0,0,0,0,0,0,0,0,0,0,0,0,0,0,0,0,0,0,0,0,0,0,0,0,0,0,0,0,0,0,0,0,0,0,-7.1507733278376e-09,-1.39218847624255e-09,-9.56449685123267e-10,-1.5098153649778e-07,-2.7798057422089e-08,-1.91777607591908e-08,1.5098153649778e-07,1.07283830128284e-06,8.25243764459921e-07,-7.39418151953102e-05,-1.07283830128284e-06,-8.25243764459921e-07,7.39418151953102e-05,0.000556933453206388,0.000383725851014568,-0.00297465098588549,-0.000556933453206388,-0.000383725851014568,0.00297465098588549,0.00378949235103614,0.0427420602821224,-8.52311079374865e-05,-0.00378949235103614,0.957257939717878,0,0,0,0,0,0,0,0,0,0,0,0,0,0,0,0,0,0,0,0,0,0,0,0,0,0,0,0,0,0,0,0,0,0,0,0,0,0,0,0,0,0,7.1507733278376e-09,2.7798057422089e-08,1.91777607591908e-08,0,0,0,8.52311079374865e-05,1.66664515114762e-05,1.23520325048322e-05,0,0,0,0,0,0,0,0,0
0,0,0,0,0,0,0,0,0,0,0,0,0,0,0,2.88878747599556e-15,0,-5.90563682871984e-16,-2.88878747599556e-15,0,0,0,0,0,0,0,0,0,0,0,0,0,0,0,0,0,0,0,0,0,0,0,0,0,0,0,0,0,-1.87849161803702e-15,0,0,0,1.87849161803702e-15,1.87849161803702e-15,0,0,0,-1.87849161803702e-15,0,1.87849161803702e-15,0,0,0,-1.87849161803702e-15,0,1.87849161803702e-15,0,0,0,-1.87849161803702e-15,0,3.30521326056912e-15,0,2.13033978370775e-16,-3.30521326056912e-15,0,0,0,0,0,0,0,0,0,0,0,0,0,0,0,0,0,0,0,0,0,0,0,0,0,0,0,0,0,0,0,0,0,0,0,0,0,0,-4.34095844442703e-15,0,0,1.87849161803702e-15,0,0,0,0,0,0,0,0,0,0,-1.15578432644015e-16,0,0,-1.39610534597933e-13,0,0,-3.97646204187649e-17,0,0,0,6.31170906306103e-08,4.50053580186116e-08,1.85690487810308e-05,0,-8.14546466096073e-14,0,0,1.19148800735602e-17,0,0,0,0,0,0,0,0,0,0,-4.02169536961036e-17,-3.98699654240986e-17,4.70592646342447e-11,0,0,0.000189706879259011,0,0,0,2.0027915406549e-16,6.26092250388733e-17,0,0,0,0,0,0,0,0,0,0,0,0,0,0,0,0,0,0,0,0,0,0,0,0,0,0,0,0,0,0,0,0,0,-1.19148800735602e-17,-2.0027915406549e-16,-6.26092250388733e-17,1.19148800735602e-17,-4.80564123299213e-18,-3.60048083847479e-17,0,0,0,0,0,0,0,0,0,0,0,0,0,0,0,0,0,0,0,0,0,0,0,0,0,0,0,0,0,0,0,0,0,0,0,0,0,0,0,0,0,0,0,0,0,1.15578432644015e-16,-1.13482222170447e-17,-1.27780868253152e-16,-1.15578432644015e-16,-3.05357123195958e-15,-1.20741726063564e-15,-6.34112864202345e-13,-6.95072748528202e-15,4.76163006314809e-14,1.39610534597933e-13,-6.95072748528202e-15,4.76163006314809e-14,-1.39610534597933e-13,2.0027915406549e-16,6.26092250388733e-17,3.68643963410836e-17,4.80564123299213e-18,3.60048083847479e-17,3.97646204187649e-17,4.80564123299213e-18,3.60048083847479e-17,-3.97646204187649e-17,-4.02169536961036e-17,-3.98699654240986e-17,6.34112864202345e-13,4.63544343004136e-12,3.16942511669194e-12,-4.70592646342447e-11,-4.63544343004136e-12,-3.16942511669194e-12,4.70592646342447e-11,6.31170906306103e-08,4.50053580186116e-08,-6.46975806445176e-07,-6.31170906306103e-08,-4.50053580186116e-08,6.46975806445176e-07,1.85690487810308e-05,1.32405882831421e-05,0.999810293120741,-1.85690487810308e-05,-1.32405882831421e-05,0,0,0,-2.16116653796197e-16,-1.13482222170447e-17,-1.27780868253152e-16,0,0,0,8.14546466096073e-14,3.05357123195958e-15,1.20741726063564e-15,-8.14546466096073e-14,6.95072748528202e-15,-4.76163006314809e-14,0,0,0
0,0,0,0,0,0,0,0,0,0,0,0,0,0,0,-5.9748913334347e-13,0,8.69693451708448e-13,5.9748913334347e-13,0,0,0,0,0,0,0,0,0,0,0,0,0,0,0,0,0,0,0,0,0,0,0,0,0,0,0,0,0,-1.58110307536685e-13,0,0,0,1.58110307536685e-13,1.58110307536685e-13,0,0,0,-1.58110307536685e-13,0,1.58110307536685e-13,0,0,0,-1.58110307536685e-13,0,1.58110307536685e-13,0,0,0,-1.58110307536685e-13,0,2.55340247638699e-13,0,-1.45298251029557e-13,-2.55340247638699e-13,0,0,0,0,0,0,0,0,0,0,0,0,0,0,0,0,0,0,0,0,0,0,0,0,0,0,0,0,0,0,0,0,0,0,0,0,0,0,-1.55518810155799e-13,0,0,1.58110307536685e-13,0,0,0,0,0,0,0,0,0,0,3.43333353621796e-13,0,0,2.32312833043049e-11,0,0,4.80373167317133e-15,0,0,0,0.000908874089655341,0.000648069153714832,0.372690812123495,0,2.33010498972517e-11,0,0,2.69069571609855e-13,0,0,0,0,0,0,0,0,0,0,9.39335451350983e-16,6.96169065089454e-16,6.79454670347806e-07,0,0,1.94724299932742e-05,0,0,0,1.97731384366766e-12,1.40245290042069e-12,0,0,0,0,0,0,0,0,0,0,0,0,0,0,0,0,0,0,0,0,0,0,0,0,0,0,0,0,0,0,0,0,0,-2.69069571609855e-13,-1.97731384366766e-12,-1.40245290042069e-12,2.69069571609855e-13,3.47836073319956e-14,2.50945579123012e-14,0,0,0,0,0,0,0,0,0,0,0,0,0,0,0,0,0,0,0,0,0,0,0,0,0,0,0,0,0,0,0,0,0,0,0,0,0,0,0,0,0,0,0,0,0,-3.43333353621796e-13,-6.65860152915869e-14,-4.57453962647497e-14,3.43333353621796e-13,2.50014908796318e-12,1.77688499823586e-12,-1.27993483708694e-08,-1.70665512091553e-10,-1.23501930788229e-10,-2.32312833043049e-11,-1.70665512091553e-10,-1.23501930788229e-10,2.32312833043049e-11,1.97731384366766e-12,1.40245290042069e-12,-9.35268838693974e-15,-3.47836073319956e-14,-2.50945579123012e-14,-4.80373167317133e-15,-3.47836073319956e-14,-2.50945579123012e-14,4.80373167317133e-15,9.39335451350983e-16,6.96169065089454e-16,1.27993483708694e-08,6.75294899895354e-08,4.81516441782315e-08,-6.79454670347806e-07,-6.75294899895354e-08,-4.81516441782315e-08,6.79454670347806e-07,0.000908874089655341,0.000648069153714832,-0.00931631291590014,-0.000908874089655341,-0.000648069153714832,0.00931631291590014,0.372690812123495,0.0297875747380226,-1.94724299932742e-05,0.627309187876505,-0.0297875747380226,0,0,0,-1.76297260571821e-14,-6.65860152915869e-14,-4.57453962647497e-14,0,0,0,-2.33010498972517e-11,-2.50014908796318e-12,-1.77688499823586e-12,2.33010498972517e-11,1.70665512091553e-10,1.23501930788229e-10,0,0,0
0,0,0,0,0,0,0,0,0,0,0,0,0,0,0,-4.7099307230276e-13,0,6.85568882978982e-13,4.7099307230276e-13,0,0,0,0,0,0,0,0,0,0,0,0,0,0,0,0,0,0,0,0,0,0,0,0,0,0,0,0,0,-1.24636337709196e-13,0,0,0,1.24636337709196e-13,1.24636337709196e-13,0,0,0,-1.24636337709196e-13,0,1.24636337709196e-13,0,0,0,-1.24636337709196e-13,0,1.24636337709196e-13,0,0,0,-1.24636337709196e-13,0,2.0128154207985e-13,0,-1.1453686627713e-13,-2.0128154207985e-13,0,0,0,0,0,0,0,0,0,0,0,0,0,0,0,0,0,0,0,0,0,0,0,0,0,0,0,0,0,0,0,0,0,0,0,0,0,0,-1.22593590639527e-13,0,0,1.24636337709196e-13,0,0,0,0,0,0,0,0,0,0,2.70645515357308e-13,0,0,1.83048955528936e-11,0,0,3.78504743819531e-15,0,0,0,0.000716195689370853,0.000510680565755278,0.032918913825541,0,1.83679337585079e-11,0,0,2.12010846631816e-13,0,0,0,0,0,0,0,0,0,0,7.40132660031711e-16,5.48531763586584e-16,5.35412453219283e-07,0,0,1.53443371103887e-05,0,0,0,1.55800599006728e-12,1.10504954419752e-12,0,0,0,0,0,0,0,0,0,0,0,0,0,0,0,0,0,0,0,0,0,0,0,0,0,0,0,0,0,0,0,0,0,-2.12010846631816e-13,-1.55800599006728e-12,-1.10504954419752e-12,2.12010846631816e-13,2.7407390438943e-14,1.97730193881866e-14,0,0,0,0,0,0,0,0,0,0,0,0,0,0,0,0,0,0,0,0,0,0,0,0,0,0,0,0,0,0,0,0,0,0,0,0,0,0,0,0,0,0,0,0,0,-2.70645515357308e-13,-5.24889591222795e-14,-3.60605286232831e-14,2.70645515357308e-13,1.9708374067269e-12,1.40069709268857e-12,-1.00860112300422e-08,-1.34484943955713e-10,-9.72959265964701e-11,-1.83048955528936e-11,-1.34484943955713e-10,-9.72959265964701e-11,1.83048955528936e-11,1.55800599006728e-12,1.10504954419752e-12,-7.36935942852414e-15,-2.7407390438943e-14,-1.97730193881866e-14,-3.78504743819531e-15,-2.7407390438943e-14,-1.97730193881866e-14,3.78504743819531e-15,7.40132660031711e-16,5.48531763586584e-16,1.00860112300422e-08,5.32134579686846e-08,3.7943599826344e-08,-5.35412453219283e-07,-5.32134579686846e-08,-3.7943599826344e-08,5.35412453219283e-07,0.000716195689370853,0.000510680565755278,-0.00734128437276508,-0.000716195689370853,-0.000510680565755278,0.00734128437276508,0.032918913825541,0.421855445380453,-1.53443371103887e-05,-0.032918913825541,0.578144554619547,0,0,0,-1.38972869332328e-14,-5.24889591222795e-14,-3.60605286232831e-14,0,0,0,-1.83679337585079e-11,-1.9708374067269e-12,-1.40069709268857e-12,1.83679337585079e-11,1.34484943955713e-10,9.72959265964701e-11,0,0,0
0,0,0,0,0,0,0,0,0,0,0,0,0,0,0,8.76104017634265e-07,0,-1.27523898184496e-06,-8.76104017634265e-07,0,0,0,0,0,0,0,0,0,0,0,0,0,0,0,0,0,0,0,0,0,0,0,0,0,0,0,0,0,2.31837816575507e-07,0,0,0,-2.31837816575507e-07,-2.31837816575507e-07,0,0,0,2.31837816575507e-07,0,-2.31837816575507e-07,0,0,0,2.31837816575507e-07,0,-2.31837816575507e-07,0,0,0,2.31837816575507e-07,0,-3.74406456075645e-07,0,2.13052050797584e-07,3.74406456075645e-07,0,0,0,0,0,0,0,0,0,0,0,0,0,0,0,0,0,0,0,0,0,0,0,0,0,0,0,0,0,0,0,0,0,0,0,0,0,0,2.28037217913117e-07,0,0,-2.31837816575507e-07,0,0,0,0,0,0,0,0,0,0,-5.03432506583721e-07,0,0,-3.40637065849442e-05,0,0,-7.04364740832804e-09,0,0,0,-0.0994632386353826,-0.0709218775427052,-0.00227635856859038,0,-3.41665381478201e-05,0,0,-3.94532453663323e-07,0,0,0,0,0,0,0,0,0,0,-1.37734464186767e-09,-1.02079353176602e-09,-0.996276141079396,0,0,-1.65773472970578e-07,0,0,0,-2.89930388006846e-06,-2.05639438555488e-06,0,0,0,0,0,0,0,0,0,0,0,0,0,0,0,0,0,0,0,0,0,0,0,0,0,0,0,0,0,0,0,0,0,3.94532453663323e-07,2.89930388006846e-06,2.05639438555488e-06,-3.94532453663323e-07,-5.10026534257003e-08,-3.67957632902208e-08,0,0,0,0,0,0,0,0,0,0,0,0,0,0,0,0,0,0,0,0,0,0,0,0,0,0,0,0,0,0,0,0,0,0,0,0,0,0,0,0,0,0,0,0,0,5.03432506583721e-07,9.76356152522268e-08,6.70768034305566e-08,-5.03432506583721e-07,-3.66598942699685e-06,-2.60546195814896e-06,0.0187675324702639,0.000250244757836193,0.000181087987014994,3.40637065849442e-05,0.000250244757836193,0.000181087987014994,-3.40637065849442e-05,-2.89930388006846e-06,-2.05639438555488e-06,1.371371022591e-08,5.10026534257003e-08,3.67957632902208e-08,7.04364740832804e-09,5.10026534257003e-08,3.67957632902208e-08,-7.04364740832804e-09,-1.37734464186767e-09,-1.02079353176602e-09,-0.0187675324702639,-0.0990176720195706,-0.0706041679908367,0.996276141079396,0.0990176720195706,0.0706041679908367,-0.996276141079396,-0.0994632386353826,-0.0709218775427052,0.0233350966760852,0.0994632386353826,0.0709218775427052,-0.0233350966760852,-0.00227635856859038,-0.0016231486712879,1.65773472970578e-07,0.00227635856859038,0.0016231486712879,0,0,0,2.58505502118866e-08,9.76356152522268e-08,6.70768034305566e-08,0,0,0,3.41665381478201e-05,3.66598942699685e-06,2.60546195814896e-06,-3.41665381478201e-05,-0.000250244757836193,-0.000181087987014994,0,0,0
0,0,0,0,0,0,0,0,0,0,0,0,0,0,0,0,0,0,0,0,0.00245998862276799,0,0,0,0,0,0,0,0,0,0,0,0,0,0,0,0,0,0,0,0,0,0,0,0,0,0,0,0,0,0.000575096678923199,0,0,0,-0.000575096678923199,0,0.000575096678923199,0,0,0,-0.000575096678923199,0,0.000575096678923199,0,0,0,-0.000575096678923199,0,0.000575096678923199,0,0,0,0,0,0,0,-0.000976655119358743,0,0,0,0,0,0,0,0,0,0,0,0,0,0,0,0,0,0,0,0,0,0,0,0,0,0,0,0,0,0,0,0,0,0,0,0,0,0.000240783112455614,0.000324885808625895,0,-0.00024479613985026,-0.000330300539072939,0,0,0,0,0,0,0,0,0,0.000705810809672167,0.000503275667458711,0,0.0489954151606607,0.0349359912450923,0,1.00693397115814e-05,0,0.00385302455947642,0,0,0,0,0,0.0491241140286141,0.0350277594750238,0,0.000568545251738293,0.000405398992375835,0,0,0,0,0,0,0,2.6973534034636e-06,0,0,0,7.28548057542058e-07,4.77006605245654e-07,0,1.10816776312749e-13,7.25251935604178e-14,0.00572771016950559,0,0,0,0,0,0,7.40946278216688e-06,0,0,0,0,0,0,0,0,0,0,0,0,0,0,0,0,0,0,0,0,0,0,0,0,0,0.00704701983458321,0,0,0.00572771016950559,0.000568545251738293,0.000405398992375835,-0.000100524822624304,-0.000568545251738293,-0.000405398992375835,0,0,0,0,0,0,0,0,0,0,0,0,0,0,0,0,0,0,0,0,0,0,0,0,0,0,0,0,0,0,0,0,0,0,0,0,0,0,0,0,0,0,0,0,0,0.000188343131122116,0.000705810809672167,0.000503275667458711,-0.00704701983458321,-0.000705810809672167,-0.000503275667458711,0.496530979389899,0.0289082710785105,0.0202948304236917,0.496530979389899,0.0489954151606607,0.0349359912450923,-0.00572771016950559,-0.0489954151606607,-0.0349359912450923,0.000100524822624304,7.40946278216688e-06,1.35687277323969e-05,0.000100524822624304,1.00693397115814e-05,7.17990372883166e-06,-2.6973534034636e-06,-1.00693397115814e-05,-7.17990372883166e-06,-0.00385302455947642,-0.0289082710785105,-0.0202948304236917,0.00385302455947642,7.28548057542058e-07,4.77006605245654e-07,-9.72928888869154e-08,-7.28548057542058e-07,-4.77006605245654e-07,9.72928888869154e-08,1.66530487387566e-08,1.22197399394343e-08,-2.25128608362964e-09,-1.66530487387566e-08,-1.22197399394343e-08,2.25128608362964e-09,1.10816776312749e-13,7.25251935604178e-14,0,0,0,0.000188343131122116,3.68294128557568e-05,2.72954386491326e-05,0,0,0,0.00704701983458321,0.0491241140286141,0.0350277594750238,0.503469020610101,-0.0491241140286141,-0.0350277594750238,0,0,0
0,0,0,0,0,0,0,0,0,0,0,0,0,0,0,0,0,0,0,0,0.0137891079482469,0,0,0,0,0,0,0,0,0,0,0,0,0,0,0,0,0,0,0,0,0,0,0,0,0,0,0,0,0,0.00322362067570309,0,0,0,-0.00322362067570309,0,0.00322362067570309,0,0,0,-0.00322362067570309,0,0.00322362067570309,0,0,0,-0.00322362067570309,0,0.00322362067570309,0,0,0,0,0,0,0,-0.0054744980299508,0,0,0,0,0,0,0,0,0,0,0,0,0,0,0,0,0,0,0,0,0,0,0,0,0,0,0,0,0,0,0,0,0,0,0,0,0,0.00134967466883162,0.00182110008336299,0,-0.001372169109429,-0.0018514515662741,0,0,0,0,0,0,0,0,0,0.00395631969820177,0.0028210384560664,0,0.00508316624765883,0.00362453202903241,0,1.04467178388583e-06,0,0.000399742798939319,0,0,0,0,0,0.38065863615036,0.0354690008374275,0,5.89853157571195e-05,4.20592512201894e-05,0,0,0,0,0,0,0,2.79844465722507e-07,0,0,0,7.5585253990045e-08,4.94883831259587e-08,0,1.16780487765492e-14,7.63887917815618e-15,0.000594237295765981,0,0,0,0,0,0,7.68715419679291e-07,0,0,0,0,0,0,0,0,0,0,0,0,0,0,0,0,0,0,0,0,0,0,0,0,0,0.039501043343513,0,0,0.000594237295765981,5.89853157571195e-05,4.20592512201894e-05,-1.04292286072109e-05,-5.89853157571195e-05,-4.20592512201894e-05,0,0,0,0,0,0,0,0,0,0,0,0,0,0,0,0,0,0,0,0,0,0,0,0,0,0,0,0,0,0,0,0,0,0,0,0,0,0,0,0,0,0,0,0,0,0.00105572999091006,0.00395631969820177,0.0028210384560664,-0.039501043343513,-0.00395631969820177,-0.0028210384560664,0.05151399385178,0.00299916935783955,0.00210554388966333,0.05151399385178,0.00508316624765883,0.00362453202903241,-0.000594237295765981,-0.00508316624765883,-0.00362453202903241,1.04292286072109e-05,7.68715419679291e-07,1.40772557201156e-06,1.04292286072109e-05,1.04467178388583e-06,7.44899174262614e-07,-2.79844465722507e-07,-1.04467178388583e-06,-7.44899174262614e-07,-0.000399742798939319,-0.00299916935783955,-0.00210554388966333,0.000399742798939319,7.5585253990045e-08,4.94883831259587e-08,-1.00939132529158e-08,-7.5585253990045e-08,-4.94883831259587e-08,1.00939132529158e-08,1.72771491238937e-09,1.26777109652285e-09,-2.33538176459364e-10,-1.72771491238937e-09,-1.26777109652285e-09,2.33538176459364e-10,1.16780487765492e-14,7.63887917815618e-15,0,0,0,0.00105572999091006,0.000206441909868306,0.000153000605996316,0,0,0,0.039501043343513,0.38065863615036,0.0354690008374275,-0.05151399385178,0.619341363849639,-0.0354690008374275,0,0,0
0,0,0,0,0,0,0,0,0,0,0,0,0,0,0,0,0,0,0,0,0.0108658611629352,0,0,0,0,0,0,0,0,0,0,0,0,0,0,0,0,0,0,0,0,0,0,0,0,0,0,0,0,0,0.00254022340209572,0,0,0,-0.00254022340209572,0,0.00254022340209572,0,0,0,-0.00254022340209572,0,0.00254022340209572,0,0,0,-0.00254022340209572,0,0.00254022340209572,0,0,0,0,0,0,0,-0.00431392195589959,0,0,0,0,0,0,0,0,0,0,0,0,0,0,0,0,0,0,0,0,0,0,0,0,0,0,0,0,0,0,0,0,0,0,0,0,0,0.00106354795550939,0.00143503268985217,0,-0.00108127364664085,-0.00145894975545485,0,0,0,0,0,0,0,0,0,0.00311759257511008,0.00222298732550103,0,0.00400555125991307,0.00285614283069591,0,8.23204706725125e-07,0,0.000314998604004008,0,0,0,0,0,0.0391975846410561,0.426332427316911,0,4.64806174608436e-05,3.31428244735503e-05,0,0,0,0,0,0,0,2.20518333975405e-07,0,0,0,5.95614219209476e-08,3.89970042192072e-08,0,9.24672816612079e-15,6.06384960515352e-15,0.000468260889527091,0,0,0,0,0,0,6.0575020917888e-07,0,0,0,0,0,0,0,0,0,0,0,0,0,0,0,0,0,0,0,0,0,0,0,0,0,0.031126948485182,0,0,0.000468260889527091,4.64806174608436e-05,3.31428244735503e-05,-8.21826549678078e-06,-4.64806174608436e-05,-3.31428244735503e-05,0,0,0,0,0,0,0,0,0,0,0,0,0,0,0,0,0,0,0,0,0,0,0,0,0,0,0,0,0,0,0,0,0,0,0,0,0,0,0,0,0,0,0,0,0,0.000831918609226184,0.00311759257511008,0.00222298732550103,-0.031126948485182,-0.00311759257511008,-0.00222298732550103,0.0405931919049847,0.00236335504578866,0.00165917531891231,0.0405931919049847,0.00400555125991307,0.00285614283069591,-0.000468260889527091,-0.00400555125991307,-0.00285614283069591,8.21826549678078e-06,6.0575020917888e-07,1.10929225287077e-06,8.21826549678078e-06,8.23204706725125e-07,5.86982931622457e-07,-2.20518333975405e-07,-8.23204706725125e-07,-5.86982931622457e-07,-0.000314998604004008,-0.00236335504578866,-0.00165917531891231,0.000314998604004008,5.95614219209476e-08,3.89970042192072e-08,-7.95403596959401e-09,-5.95614219209476e-08,-3.89970042192072e-08,7.95403596959401e-09,1.36144492085284e-09,9.99007722977965e-10,-1.84028874329851e-10,-1.36144492085284e-09,-9.99007722977965e-10,1.84028874329851e-10,9.24672816612079e-15,6.06384960515352e-15,0,0,0,0.000831918609226184,0.000162676885209655,0.000120564966844896,0,0,0,0.031126948485182,0.0391975846410561,0.426332427316911,-0.0405931919049847,-0.0391975846410561,0.573667572683088,0,0,0
0,0,0,0,0,0,0,0,0,0,0,0,0,0,0,0,0,0,0,0,-1.15282382555197e-06,0,0,0,0,0,0,0,0,0,0,0,0,0,0,0,0,0,0,0,0,0,0,0,0,0,0,0,0,0,-2.69507406322695e-07,0,0,0,2.69507406322695e-07,0,-2.69507406322695e-07,0,0,0,2.69507406322695e-07,0,-2.69507406322695e-07,0,0,0,2.69507406322695e-07,0,-2.69507406322695e-07,0,0,0,0,0,0,0,4.57689633416494e-07,0,0,0,0,0,0,0,0,0,0,0,0,0,0,0,0,0,0,0,0,0,0,0,0,0,0,0,0,0,0,0,0,0,0,0,0,0,-1.12838127106591e-07,-1.52251151522764e-07,0,1.14718751093317e-07,1.547886552155e-07,0,0,0,0,0,0,0,0,0,-3.30763935335989e-07,-2.35849944515932e-07,0,-2.29607086028177e-05,-1.63720444446847e-05,0,-4.71879194859496e-09,0,-0.0927021619143034,0,0,0,0,0,-2.3021020721728e-05,-1.64150497745791e-05,0,-2.66437212972708e-07,-1.89982023780701e-07,0,0,0,0,0,0,0,-1.26405993189766e-09,0,0,0,-0.996277279659075,-0.000330964663138623,0,-1.07017506461426e-07,-7.00511103155138e-08,-2.68417532021947e-06,0,0,0,0,0,0,-3.47229451809334e-09,0,0,0,0,0,0,0,0,0,0,0,0,0,0,0,0,0,0,0,0,0,0,0,0,0,-3.30244306406824e-06,0,0,-2.68417532021947e-06,-2.66437212972708e-07,-1.89982023780701e-07,4.71089212689037e-08,2.66437212972708e-07,1.89982023780701e-07,0,0,0,0,0,0,0,0,0,0,0,0,0,0,0,0,0,0,0,0,0,0,0,0,0,0,0,0,0,0,0,0,0,0,0,0,0,0,0,0,0,0,0,0,0,-8.82631923231634e-08,-3.30763935335989e-07,-2.35849944515932e-07,3.30244306406824e-06,3.30763935335989e-07,2.35849944515932e-07,-0.000232689183153223,-0.0127853934004065,-0.00897588756738088,-0.000232689183153223,-2.29607086028177e-05,-1.63720444446847e-05,2.68417532021947e-06,2.29607086028177e-05,1.63720444446847e-05,-4.71089212689037e-08,-3.47229451809334e-09,-6.35870923995733e-09,-4.71089212689037e-08,-4.71879194859496e-09,-3.3647163194993e-09,1.26405993189766e-09,4.71879194859496e-09,3.3647163194993e-09,0.0927021619143034,0.0127853934004065,0.00897588756738088,-0.0927021619143034,-0.996277279659075,-0.000330964663138623,0.0931534668690444,0.996277279659075,0.000330964663138623,-0.0931534668690444,-0.015944526041239,-0.011699848732834,0.00215537169203349,0.015944526041239,0.011699848732834,-0.00215537169203349,-1.07017506461426e-07,-7.00511103155138e-08,0,0,0,-8.82631923231634e-08,-1.72593581152625e-08,-1.2791454281479e-08,0,0,0,-3.30244306406824e-06,-2.3021020721728e-05,-1.64150497745791e-05,0.000232689183153223,2.3021020721728e-05,1.64150497745791e-05,0,0,0
0,0,0,0,0,0,0,0,0,0,0,0,0,0,0,0,0,0,0,0,-7.54795203673254e-07,0,0,0,0,0,0,0,0,0,0,0,0,0,0,0,0,0,0,0,0,0,0,0,0,0,0,0,0,0,-1.76456188072079e-07,0,0,0,1.76456188072079e-07,0,-1.76456188072079e-07,0,0,0,1.76456188072079e-07,0,-1.76456188072079e-07,0,0,0,1.76456188072079e-07,0,-1.76456188072079e-07,0,0,0,0,0,0,0,2.9966585749679e-07,0,0,0,0,0,0,0,0,0,0,0,0,0,0,0,0,0,0,0,0,0,0,0,0,0,0,0,0,0,0,0,0,0,0,0,0,0,-7.38791784946112e-08,-9.9684302538503e-08,0,7.51104906319315e-08,1.0134569742627e-07,0,0,0,0,0,0,0,0,0,-2.16563039714826e-07,-1.54419437664545e-07,0,-1.50332014010601e-05,-1.07193661040977e-05,0,-3.08956264074068e-09,0,-0.0606954381261744,0,0,0,0,0,-1.50726898895809e-05,-1.07475232390269e-05,0,-1.74446021935452e-07,-1.24388060902423e-07,0,0,0,0,0,0,0,-8.27625388592249e-10,0,0,0,-0.000330964663320027,-0.99626672896863,0,-7.00684825618785e-08,-4.58652592244318e-08,-1.7574260806532e-06,0,0,0,0,0,0,-2.27343596318345e-09,0,0,0,0,0,0,0,0,0,0,0,0,0,0,0,0,0,0,0,0,0,0,0,0,0,-2.16222819976811e-06,0,0,-1.7574260806532e-06,-1.74446021935452e-07,-1.24388060902423e-07,3.08439042687701e-08,1.74446021935452e-07,1.24388060902423e-07,0,0,0,0,0,0,0,0,0,0,0,0,0,0,0,0,0,0,0,0,0,0,0,0,0,0,0,0,0,0,0,0,0,0,0,0,0,0,0,0,0,0,0,0,0,-5.77890851556997e-08,-2.16563039714826e-07,-1.54419437664545e-07,2.16222819976811e-06,2.16563039714826e-07,1.54419437664545e-07,-0.000152349973608024,-0.00837105670488825,-0.00587683628065605,-0.000152349973608024,-1.50332014010601e-05,-1.07193661040977e-05,1.7574260806532e-06,1.50332014010601e-05,1.07193661040977e-05,-3.08439042687701e-08,-2.27343596318345e-09,-4.16327545112443e-09,-3.08439042687701e-08,-3.08956264074068e-09,-2.20300064566572e-09,8.27625388592249e-10,3.08956264074068e-09,2.20300064566572e-09,0.0606954381261744,0.00837105670488825,0.00587683628065605,-0.0606954381261744,-0.000330964663320027,-0.99626672896863,0.0609909237044052,0.000330964663320027,0.99626672896863,-0.0609909237044052,-0.010439454418418,-0.00766031158487368,0.00141119933435483,0.010439454418418,0.00766031158487368,-0.00141119933435483,-7.00684825618785e-08,-4.58652592244318e-08,0,0,0,-5.77890851556997e-08,-1.13003222560474e-08,-8.37502498614014e-09,0,0,0,-2.16222819976811e-06,-1.50726898895809e-05,-1.07475232390269e-05,0.000152349973608024,1.50726898895809e-05,1.07475232390269e-05,0,0,0
0,0,0,0,0,0,0,0,0,0,0,0,0,0,0,2.21577184576047e-13,0,-3.18908838468185e-13,-2.21577184576047e-13,0,0,0,0,0,0,0,0,0,0,0,0,0,0,0,0,0,0,0,0,0,0,0,0,0,0,0,0,0,5.59916383549923e-14,0,0,0,-5.59916383549923e-14,-5.59916383549923e-14,0,0,0,5.59916383549923e-14,0,-5.59916383549923e-14,0,0,0,5.59916383549923e-14,0,-5.59916383549923e-14,0,0,0,5.59916383549923e-14,0,-9.01521376879162e-14,0,5.33939374936805e-14,9.01521376879162e-14,0,0,0,0,0,0,0,0,0,0,0,0,0,0,0,0,0,0,0,0,0,0,0,0,0,0,0,0,0,0,0,0,0,0,0,0,0,0,5.2580486565452e-14,0,0,-5.59916383549923e-14,0,0,0,0,0,0,0,0,0,0,-1.25779691166636e-13,0,0,-8.64333735640032e-12,0,0,-1.79815514671373e-15,0,0,0,-0.00033262107436105,-0.000237174170391707,-0.0978569317375957,0,-8.60992181763974e-12,0,0,-9.84799410977932e-14,0,0,0,0,0,0,0,0,0,0,-3.84060532762925e-16,-2.9470344979479e-16,-2.48660468230022e-07,0,0,-0.99973527107592,0,0,0,-7.23587623190023e-13,-5.13299732849457e-13,0,0,0,0,0,0,0,0,0,0,0,0,0,0,0,0,0,0,0,0,0,0,0,0,0,0,0,0,0,0,0,0,0,9.84799410977932e-14,7.23587623190023e-13,5.13299732849457e-13,-9.84799410977932e-14,-1.27372110026898e-14,-9.2217713300929e-15,0,0,0,0,0,0,0,0,0,0,0,0,0,0,0,0,0,0,0,0,0,0,0,0,0,0,0,0,0,0,0,0,0,0,0,0,0,0,0,0,0,0,0,0,0,1.25779691166636e-13,2.435992732417e-14,1.6615571954068e-14,-1.25779691166636e-13,-9.18138090477564e-13,-6.51568767881966e-13,4.68443005047193e-09,6.24634410336472e-11,4.52566093686845e-11,8.64333735640032e-12,6.24634410336472e-11,4.52566093686845e-11,-8.64333735640032e-12,-7.23587623190023e-13,-5.13299732849457e-13,3.46038203170556e-15,1.27372110026898e-14,9.2217713300929e-15,1.79815514671373e-15,1.27372110026898e-14,9.2217713300929e-15,-1.79815514671373e-15,-3.84060532762925e-16,-2.9470344979479e-16,-4.68443005047193e-09,-2.4713852727037e-08,-1.76222590410032e-08,2.48660468230022e-07,2.4713852727037e-08,1.76222590410032e-08,-2.48660468230022e-07,-0.00033262107436105,-0.000237174170391707,0.00340949538055924,0.00033262107436105,0.000237174170391707,-0.00340949538055924,-0.0978569317375957,-0.0697765066231568,0.99973527107592,0.0978569317375957,0.0697765066231568,0,0,0,6.23656100387606e-15,2.435992732417e-14,1.6615571954068e-14,0,0,0,8.60992181763974e-12,9.18138090477564e-13,6.51568767881966e-13,-8.60992181763974e-12,-6.24634410336472e-11,-4.52566093686845e-11,0,0,0
0,0,0,0,0,0,0,0,0,0,0,0,0,0,0,0,0,0,0,0,-2.65401707740247e-13,0,0,0,0,0,0,0,0,0,0,0,0,0,0,0,0,0,0,0,0,0,0,0,0,0,0,0,0,0,-6.21496334708532e-14,0,0,0,6.21496334708532e-14,0,-6.21496334708532e-14,0,0,0,6.21496334708532e-14,0,-6.21496334708532e-14,0,0,0,6.21496334708532e-14,0,-6.21496334708532e-14,0,0,0,0,0,0,0,1.0561059846145e-13,0,0,0,0,0,0,0,0,0,0,0,0,0,0,0,0,0,0,0,0,0,0,0,0,0,0,0,0,0,0,0,0,0,0,0,0,0,-2.60766717192368e-14,-3.50801411286293e-14,0,2.65212711462896e-14,3.56703209354039e-14,0,0,0,0,0,0,0,0,0,-7.61666393853697e-14,-5.43157059894557e-14,0,-5.31800908683165e-12,-3.79362986679692e-12,0,-8.58011086712367e-16,0,-2.13336691768208e-08,0,0,0,0,0,-5.30129406379207e-12,-3.80892390990528e-12,0,-6.14355441096671e-14,-4.35198623690338e-14,0,0,0,0,0,0,0,-6.2744009231528e-17,0,0,0,-1.60526532010617e-07,-1.05102573829015e-07,0,-0.999735392642451,-2.35425430876665e-05,-6.1822731963343e-13,0,0,0,0,0,0,-5.74738623817935e-16,0,0,0,0,0,0,0,0,0,0,0,0,0,0,0,0,0,0,0,0,0,0,0,0,0,-7.60440642405215e-13,0,0,-6.1822731963343e-13,-6.14355441096671e-14,-4.35198623690338e-14,1.06186690446852e-14,6.14355441096671e-14,4.35198623690338e-14,0,0,0,0,0,0,0,0,0,0,0,0,0,0,0,0,0,0,0,0,0,0,0,0,0,0,0,0,0,0,0,0,0,0,0,0,0,0,0,0,0,0,0,0,0,-2.0322192333899e-14,-7.61666393853697e-14,-5.43157059894557e-14,7.60440642405215e-13,7.61666393853697e-14,5.43157059894557e-14,-5.36216634127313e-11,-2.9423201601932e-09,-2.06591234345869e-09,-5.36216634127313e-11,-5.31800908683165e-12,-3.79362986679692e-12,6.1822731963343e-13,5.31800908683165e-12,3.79362986679692e-12,-1.06186690446852e-14,-5.74738623817935e-16,-1.23857606529401e-15,-1.06186690446852e-14,-8.58011086712367e-16,-5.46077741275933e-16,6.2744009231528e-17,8.58011086712367e-16,5.46077741275933e-16,2.13336691768208e-08,2.9423201601932e-09,2.06591234345869e-09,-2.13336691768208e-08,-1.60526532010617e-07,-1.05102573829015e-07,0.000314876694610611,1.60526532010617e-07,1.05102573829015e-07,-0.000314876694610611,-0.00232918446911157,-0.00170911985032518,0.0916103783790732,0.00232918446911157,0.00170911985032518,-0.0916103783790732,-0.999735392642451,-2.35425430876665e-05,0,0,0,-2.0322192333899e-14,-3.97957909990849e-15,-2.95403423348922e-15,0,0,0,-7.60440642405215e-13,-5.30129406379207e-12,-3.80892390990528e-12,5.36216634127313e-11,5.30129406379207e-12,3.80892390990528e-12,0,0,0
0,0,0,0,0,0,0,0,0,0,0,0,0,0,0,0,0,0,0,0,-1.73767034953364e-13,0,0,0,0,0,0,0,0,0,0,0,0,0,0,0,0,0,0,0,0,0,0,0,0,0,0,0,0,0,-4.07272706206615e-14,0,0,0,4.07272706206615e-14,0,-4.07272706206615e-14,0,0,0,4.07272706206615e-14,0,-4.07272706206615e-14,0,0,0,4.07272706206615e-14,0,-4.07272706206615e-14,0,0,0,0,0,0,0,6.9230167758084e-14,0,0,0,0,0,0,0,0,0,0,0,0,0,0,0,0,0,0,0,0,0,0,0,0,0,0,0,0,0,0,0,0,0,0,0,0,0,-1.71075010407526e-14,-2.29781331261542e-14,0,1.74026152015733e-14,2.33666140304455e-14,0,0,0,0,0,0,0,0,0,-4.98751586182686e-14,-3.55686690161909e-14,0,-3.49292766310018e-12,-2.49225865420299e-12,0,-4.82924685345106e-16,0,-1.39646090559762e-08,0,0,0,0,0,-3.47141884604449e-12,-2.50413971173601e-12,0,-4.02571972817687e-14,-2.84187310871992e-14,0,0,0,0,0,0,0,3.77351382591731e-17,0,0,0,-1.05076937787548e-07,-6.87977310320428e-08,0,-2.35425433770531e-05,-0.99974994039373,-4.04869869274547e-13,0,0,0,0,0,0,-2.98733329680071e-16,0,0,0,0,0,0,0,0,0,0,0,0,0,0,0,0,0,0,0,0,0,0,0,0,0,-4.97938863891493e-13,0,0,-4.04869869274547e-13,-4.02571972817687e-14,-2.84187310871992e-14,6.87411231243831e-15,4.02571972817687e-14,2.84187310871992e-14,0,0,0,0,0,0,0,0,0,0,0,0,0,0,0,0,0,0,0,0,0,0,0,0,0,0,0,0,0,0,0,0,0,0,0,0,0,0,0,0,0,0,0,0,0,-1.33064033044872e-14,-4.98751586182686e-14,-3.55686690161909e-14,4.97938863891493e-13,4.98751586182686e-14,3.55686690161909e-14,-3.51258648143295e-11,-1.92598635077071e-09,-1.35240101628857e-09,-3.51258648143295e-11,-3.49292766310018e-12,-2.49225865420299e-12,4.04869869274547e-13,3.49292766310018e-12,2.49225865420299e-12,-6.87411231243831e-15,-2.98733329680071e-16,-7.33137665281361e-16,-6.87411231243831e-15,-4.82924685345106e-16,-2.78623416206095e-16,-3.77351382591731e-17,4.82924685345106e-16,2.78623416206095e-16,1.39646090559762e-08,1.92598635077071e-09,1.35240101628857e-09,-1.39646090559762e-08,-1.05076937787548e-07,-6.87977310320428e-08,0.000206110737829057,1.05076937787548e-07,6.87977310320428e-08,-0.000206110737829057,-0.0015246283306567,-0.00111874889211805,0.0599659580861953,0.0015246283306567,0.00111874889211805,-0.0599659580861953,-2.35425433770531e-05,-0.99974994039373,0,0,0,-1.33064033044872e-14,-2.60768215256007e-15,-1.93727917335352e-15,0,0,0,-4.97938863891493e-13,-3.47141884604449e-12,-2.50413971173601e-12,3.51258648143295e-11,3.47141884604449e-12,2.50413971173601e-12,0,0,0
0,0,0,0,0,0,0,0,0,0,0,0,0,0,0,0,0,0,0,0,1.97130805196938e-09,0,0,0,0,0,0,0,0,0,0,0,0,0,0,0,0,0,0,0,0,0,0,0,0,0,0,0,0,0,4.60852828069748e-10,0,0,0,-4.60852828069748e-10,0,4.60852828069748e-10,0,0,0,-4.60852828069748e-10,0,4.60852828069748e-10,0,0,0,-4.60852828069748e-10,0,4.60852828069748e-10,0,0,0,0,0,0,0,-7.82641058974723e-10,0,0,0,0,0,0,0,0,0,0,0,0,0,0,0,0,0,0,0,0,0,0,0,0,0,0,0,0,0,0,0,0,0,0,0,0,0,1.9295117220008e-10,2.60346736804877e-10,0,-1.96167005453376e-10,-2.64685822616373e-10,0,0,0,0,0,0,0,0,0,5.65600393187274e-10,4.03299172378004e-10,0,6.06408094103589e-06,4.32396945654747e-06,0,0.0703031686278717,0,3.08761523040989e-09,0,0,0,0,0,3.93655322769369e-08,2.80694405073582e-08,0,0.000399795159932557,0.000285072392211269,0,0,0,0,0,0,0,0.716650790303543,0,0,0,5.83820851865006e-13,3.82248500449158e-13,0,9.01808709341896e-20,5.89823062527068e-20,6.17658272545969e-05,0,0,0,0,0,0,0.000297528060335806,0,0,0,0,0,0,0,0,0,0,0,0,0,0,0,0,0,0,0,0,0,0,0,0,0,5.6471183702756e-09,0,0,6.17658272545969e-05,0.000399795159932557,0.000285072392211269,-0.00403658893637938,-0.000399795159932557,-0.000285072392211269,0,0,0,0,0,0,0,0,0,0,0,0,0,0,0,0,0,0,0,0,0,0,0,0,0,0,0,0,0,0,0,0,0,0,0,0,0,0,0,0,0,0,0,0,0,1.50928474822125e-10,5.65600393187274e-10,4.03299172378004e-10,-5.6471183702756e-09,-5.65600393187274e-10,-4.03299172378004e-10,3.97894327097417e-07,2.31655980105573e-08,1.62632307555536e-08,3.97894327097417e-07,6.06408094103589e-06,4.32396945654747e-06,-6.17658272545969e-05,-6.06408094103589e-06,-4.32396945654747e-06,0.00403658893637938,0.000297528060335806,0.000544854244110794,0.00403658893637938,0.0703031686278717,0.050129402427385,0.283349209696457,-0.0703031686278717,-0.050129402427385,-3.08761523040989e-09,-2.31655980105573e-08,-1.62632307555536e-08,3.08761523040989e-09,5.83820851865006e-13,3.82248500449158e-13,-7.79654326948937e-14,-5.83820851865006e-13,-3.82248500449158e-13,7.79654326948937e-14,1.33448779647488e-14,9.79226980077288e-15,-1.80384993616869e-15,-1.33448779647488e-14,-9.79226980077288e-15,1.80384993616869e-15,9.01808709341896e-20,5.89823062527068e-20,0,0,0,1.50928474822125e-10,2.95131926383306e-11,2.18731572548981e-11,0,0,0,5.6471183702756e-09,3.93655322769369e-08,2.80694405073582e-08,-3.97894327097417e-07,-3.93655322769369e-08,-2.80694405073582e-08,0,0,0
0,0,0,0,0,0,0,0,0,0,0,0,0,0,0,0,0,0,0,0,7.71699340307348e-09,0,0,0,0,0,0,0,0,0,0,0,0,0,0,0,0,0,0,0,0,0,0,0,0,0,0,0,0,0,1.80408040765138e-09,0,0,0,-1.80408040765138e-09,0,1.80408040765138e-09,0,0,0,-1.80408040765138e-09,0,1.80408040765138e-09,0,0,0,-1.80408040765138e-09,0,1.80408040765138e-09,0,0,0,0,0,0,0,-3.06377071967401e-09,0,0,0,0,0,0,0,0,0,0,0,0,0,0,0,0,0,0,0,0,0,0,0,0,0,0,0,0,0,0,0,0,0,0,0,0,0,7.55337513838029e-10,1.01916798261317e-09,0,-7.6792639560951e-10,-1.0361540120418e-09,0,0,0,0,0,0,0,0,0,2.21413111900017e-09,1.57877762919712e-09,0,2.37387924078741e-05,1.69268540946324e-05,0,0.38051330853898,0,1.20869522855429e-08,0,0,0,0,0,1.54102527297064e-07,1.09882210954569e-07,0,0.00156506062494789,0.00111596042429534,0,0,0,0,0,0,0,0.0737234058684318,0,0,0,2.28545793116979e-12,1.49637146437528e-12,0,3.32817177433472e-19,2.1068552123249e-19,0.000241791982223622,0,0,0,0,0,0,0.00116472008347283,0,0,0,0,0,0,0,0,0,0,0,0,0,0,0,0,0,0,0,0,0,0,0,0,0,2.21065272706841e-08,0,0,0.000241791982223622,0.00156506062494789,0.00111596042429534,-0.0158018581427881,-0.00156506062494789,-0.00111596042429534,0,0,0,0,0,0,0,0,0,0,0,0,0,0,0,0,0,0,0,0,0,0,0,0,0,0,0,0,0,0,0,0,0,0,0,0,0,0,0,0,0,0,0,0,0,5.90833098548221e-10,2.21413111900017e-09,1.57877762919712e-09,-2.21065272706841e-08,-2.21413111900017e-09,-1.57877762919712e-09,1.55761951779328e-06,9.06853532339549e-08,6.36649580606305e-08,1.55761951779328e-06,2.37387924078741e-05,1.69268540946324e-05,-0.000241791982223622,-2.37387924078741e-05,-1.69268540946324e-05,0.0158018581427881,0.00116472008347283,0.00213291707667841,0.0158018581427881,0.38051330853898,0.0353653755463218,-0.0737234058684318,0.61948669146102,-0.0353653755463218,-1.20869522855429e-08,-9.06853532339549e-08,-6.36649580606305e-08,1.20869522855429e-08,2.28545793116979e-12,1.49637146437528e-12,-3.05207848835702e-13,-2.28545793116979e-12,-1.49637146437528e-12,3.05207848835702e-13,5.22405898336493e-14,3.8333350050575e-14,-7.06143223208354e-15,-5.22405898336493e-14,-3.8333350050575e-14,7.06143223208354e-15,3.32817177433472e-19,2.1068552123249e-19,0,0,0,5.90833098548221e-10,1.1553400426995e-10,8.56258919410215e-11,0,0,0,2.21065272706841e-08,1.54102527297064e-07,1.09882210954569e-07,-1.55761951779328e-06,-1.54102527297064e-07,-1.09882210954569e-07,0,0,0
0,0,0,0,0,0,0,0,0,0,0,0,0,0,0,0,0,0,0,0,6.08101548176972e-09,0,0,0,0,0,0,0,0,0,0,0,0,0,0,0,0,0,0,0,0,0,0,0,0,0,0,0,0,0,1.42162113095978e-09,0,0,0,-1.42162113095978e-09,0,1.42162113095978e-09,0,0,0,-1.42162113095978e-09,0,1.42162113095978e-09,0,0,0,-1.42162113095978e-09,0,1.42162113095978e-09,0,0,0,0,0,0,0,-2.41426112551939e-09,0,0,0,0,0,0,0,0,0,0,0,0,0,0,0,0,0,0,0,0,0,0,0,0,0,0,0,0,0,0,0,0,0,0,0,0,0,5.95208376591522e-10,8.03107629757251e-10,0,-6.05128455688653e-10,-8.16492675271054e-10,0,0,0,0,0,0,0,0,0,1.74474240290848e-09,1.24408182098422e-09,0,1.87062443377625e-05,1.33384151612873e-05,0,0.0390830660185078,0,9.52455705695978e-09,0,0,0,0,0,1.21433284353982e-07,8.65875336526082e-08,0,0.00123327277776677,0.000879380383360144,0,0,0,0,0,0,0,0.0580942796032676,0,0,0,1.80094815370446e-12,1.17914549434368e-12,0,2.57047849375639e-19,1.60807713785073e-19,0.000190532855280659,0,0,0,0,0,0,0.000917803150732997,0,0,0,0,0,0,0,0,0,0,0,0,0,0,0,0,0,0,0,0,0,0,0,0,0,1.74200141894178e-08,0,0,0.000190532855280659,0.00123327277776677,0.000879380383360144,-0.0124519147533225,-0.00123327277776677,-0.000879380383360144,0,0,0,0,0,0,0,0,0,0,0,0,0,0,0,0,0,0,0,0,0,0,0,0,0,0,0,0,0,0,0,0,0,0,0,0,0,0,0,0,0,0,0,0,0,4.6557837123233e-10,1.74474240290848e-09,1.24408182098422e-09,-1.74200141894178e-08,-1.74474240290848e-09,-1.24408182098422e-09,1.22740916153105e-06,7.14603483742417e-08,5.01681905622294e-08,1.22740916153105e-06,1.87062443377625e-05,1.33384151612873e-05,-0.000190532855280659,-1.87062443377625e-05,-1.33384151612873e-05,0.0124519147533225,0.000917803150732997,0.00168074547782389,0.0124519147533225,0.0390830660185078,0.42625077025611,-0.0580942796032676,-0.0390830660185078,0.57374922974389,-9.52455705695978e-09,-7.14603483742417e-08,-5.01681905622294e-08,9.52455705695978e-09,1.80094815370446e-12,1.17914549434368e-12,-2.40504755771639e-13,-1.80094815370446e-12,-1.17914549434368e-12,2.40504755771639e-13,4.11657466493073e-14,3.02067972227291e-14,-5.56442596929182e-15,-4.11657466493073e-14,-3.02067972227291e-14,5.56442596929182e-15,2.57047849375639e-19,1.60807713785073e-19,0,0,0,4.6557837123233e-10,9.10411648604748e-11,6.74734766944729e-11,0,0,0,1.74200141894178e-08,1.21433284353982e-07,8.65875336526082e-08,-1.22740916153105e-06,-1.21433284353982e-07,-8.65875336526082e-08,0,0,0
