 -485763075736.588928+0.000000i, 0.000000-28042922699.150063i, -9375.681276+0.000000i, -0.004153-0.000000i, -0.006233+0.000000i, 0.000002+0.000000i, 0.000190-0.000000i, 0.000000-0.000002i, -0.000033-0.000000i, -160540870.525488+2187956385.868076i, 258581738.119326+17122770014.734632i, 166981895.714485-1709975380.518446i, -30872518338.089577+5396685939.485601i, 224852409.212417+7031794296.124968i, -8834304167.152117+28708301535.920383i, -0.000012-0.001370i, -0.002804-0.000068i, 0.122888+0.023423i, -246720.121829+265317.028647i, 0.108147+0.146609i, -0.003562+0.100487i, -309423.333784-167215.743129i, 0.047228+0.132308i, -0.010197+0.001721i, -0.000683+0.008479i, 1.427986-1.103171i, 0.001914-0.004532i, 0.037871+0.001422i, 0.051347+0.031049i, 0.002399-0.003205i, 0.003110+0.004757i, -0.095979-0.018141i, 0.033333+0.151033i, -0.012417-0.046913i, -20064034.372005+10133985.991183i, 0.004899-0.010824i, 0.001384-0.020525i, 0.009372-0.001113i, -356580.241770-7540799.055241i, 1060190.331432-5862326.591768i, 855139.255896-6029958.439291i, -0.045843-0.103393i, 0.004721+0.008627i, 0.077219-0.094632i, 0.016396-0.008355i, -0.069365+0.043631i, -5801.352607+59635.529445i, 0.004116-0.121052i, -747060.912907-1526555.005710i, 0.060057+0.303907i
 0.000000+0.000000i, -416317019193.147278-0.000000i, -0.000000-4612.016713i, 0.000000+0.052456i, 0.000000-0.001834i, -0.000000-0.000002i, -0.000000-0.000094i, 0.000000-0.000000i, -0.000000+0.000025i, 685309228.485510+152438423.579990i, 12378055063.404572-199982098.228762i, 4193121483.745772+347497032.972795i, -11815449572.202677-67611614180.481575i, 2050765829.927229+27111829.676289i, -769437263.176767-259479205.274088i, 0.001842-0.000021i, 0.000041-0.001566i, 0.008115-0.038806i, 110942.817422+102919.922805i, 0.058282-0.043594i, 0.020726+0.001011i, -37907.072026+69753.691004i, 0.037492-0.013592i, 0.000591+0.004726i, -0.010210-0.000953i, -0.541474-0.710116i, -0.002635-0.000596i, -0.002148+0.051871i, -0.024876+0.035364i, 0.031652+0.023287i, 0.006784-0.004226i, 0.120416-0.086635i, -0.119169+0.026300i, -0.031153+0.007975i, 2115602.942486+4188507.038764i, -0.003460-0.001428i, 0.054561+0.003847i, 0.009976+0.085437i, -3218938.081084+152775.764369i, -2703734.631979-487408.527743i, -1611331.489134-227654.244504i, -0.064348+0.031018i, 0.094185-0.056555i, 0.088340+0.076595i, 0.029499+0.061748i, -0.013985-0.022140i, 10531.102561+22127.969793i, 0.374380+0.012761i, -680231.488375+328278.542760i, -0.349499+0.070502i
 0.000000+0.000000i, 0.000000+0.000000i, -447399229247.198181-0.000000i, -0.000004-0.000000i, -0.000002-0.000000i, 0.000065+0.000000i, -0.000048-0.000000i, 0.000000+7.607826i, 3.709811-0.000000i, -701761044.983333-3201187995.922575i, 712681562.121399+39267035980.534111i, 28558948.999032-698608698.231407i, -7433492989.936763+1297218670.546047i, -264004730.464152-4008950945.762069i, 9191973558.728695-29762496171.749081i, 0.000079+0.004203i, -0.007668-0.000166i, -9.466275-1.192676i, 143527.593756-153858.009800i, -0.288825-1.086583i, 0.006594+4.682766i, 289231.568258+155914.627545i, -0.216665-0.237474i, -0.130311+0.018870i, -0.000996+0.016611i, 6.863148-5.265059i, -0.003081+0.009691i, 0.040926+0.001055i, 0.021271-0.000565i, -0.048904+0.066754i, -0.011647-0.018119i, 0.240409+0.588690i, 0.015644+0.070762i, -0.073559-0.285143i, -156495.657513+79390.918747i, 0.004020-0.008255i, -0.000175+0.004017i, 0.082159-0.009562i, -197886.423716-4064570.589340i, 244418.416330-1319201.370371i, 1686309.155801-11912026.071426i, -0.110332-0.240813i, -0.002989-0.002300i, -0.032704+0.038718i, 0.010447-0.007820i, -0.145096+0.091210i, -116016.607413-10170.249790i, 0.001532-0.045099i, -1618060.003277-3322332.102120i, -0.002058-0.001390i
 0.000000+0.000000i, 0.000000+0.000000i, 0.000000+0.000000i, -509659410811.848022+0.000000i, -825842.435128+0.000000i, 2372.163635+0.000000i, 299301898.220496-0.000000i, 0.000000-1177547.619448i, 190555.253796-0.000000i, 0.093965+2.204639i, -0.037321-0.307531i, 0.014035+0.351163i, 0.028947-0.002383i, -0.031123+3.488799i, -0.017528+0.170530i, -272494.656106-2739770.250501i, 87736294.724115+2016794.450753i, 28934910095.827553+4960374667.460158i, 160.338798-171.391789i, 18169714574.390385+25263307327.069836i, -481449823.091413+11483552355.968035i, 337.936810+184.139717i, 6393112084.791611+17764791605.814358i, 498259590.552174-79224823.973904i, -0.054397+1.134773i, -42411057669.153687+34345069910.287430i, -151365.926431+83648.161704i, -2.693204+0.030716i, -1693254871.121608-1062918987.476439i, -4.160473+6.054376i, 588.440523+802.187656i, 33217934832.808666+29778979167.915688i, 9304.928245+5528.357395i, -0.100501-0.394608i, -3.228548+1.629062i, -144.451537+333.734286i, -34.620718+609.162697i, 31.029043-4.494549i, 1552.392606+36553.728105i, -17638.819431+98514.734268i, 68711.330549-481301.590452i, -2656521.464817-5882947.525219i, -492664.040463-803048.839709i, -4905.021780+6204.661364i, 32.866127-17.286035i, 5.105879-3.865939i, 0.183933+0.027261i, 1.355355-48.835035i, 2588.609750+9733.553849i, -80469.553676-248718.194185i
 0.000000+0.000000i, 0.000000+0.000000i, 0.000000+0.000000i, 0.000000+0.000000i, -429274981800.235840+0.000000i, -238.906703+0.000000i, 108611076.582318-0.000000i, -0.000000-421264.719366i, -1006904.647452-0.000000i, 0.028077+0.661281i, -0.011069-0.084817i, 0.004182+0.105288i, 0.012118-0.001317i, -0.008298+1.063134i, -0.041617+0.168903i, -85975.305797-726595.632114i, 28401291.848967+653288.666152i, 11548046370.420052+2111400574.514485i, 41.056524-44.207038i, 8983105924.880220+12280457994.700722i, 1157227712.937568-21347950924.142376i, -53.304004-32.743294i, -15533084674.648790-42691398302.928139i, 143538849.201920-22253356.521464i, -0.018959+0.339159i, -12316188629.183752+9812401748.176991i, -43912.868586+23924.065722i, -0.782104+0.002616i, -328142554.570292-197639281.717489i, -0.785023+1.187156i, 131.039732+177.272002i, 6551597165.833860+5667652271.771702i, 1827.404769+1044.133241i, -0.040360-0.159526i, -0.365005+0.183928i, -41.615283+96.155564i, -11.305856+198.715990i, -4.813568+0.319733i, 469.936571+11056.449302i, -5301.509634+29612.210207i, 20676.727845-144856.406931i, -885250.524671-1960529.810449i, -159092.579076-259369.727717i, -1629.156143+2060.707734i, 10.867716-5.715449i, -0.717020+0.190148i, 0.047580+0.005674i, 0.308209-11.801868i, 424.474710+2177.942895i, -24818.335664-72913.569910i
 0.000000+0.000000i, 0.000000+0.000000i, 0.000000+0.000000i, 0.000000+0.000000i, 0.000000+0.000000i, -446750373069.876160-0.000000i, 1347709.571145+0.000000i, -0.000000-248864435549.448547i, -121357154426.625412+0.000000i, 0.050733+1.481651i, -0.010620+0.645952i, -0.004251-0.148418i, -0.231742+0.039472i, 0.024197-4.131430i, 0.408075-1.450510i, -975601.624115-28600350.509692i, 216034994.457832+4907634.417149i, 310274060595.458740+39399929246.604683i, 8.852951-7.981355i, 13514161283.028286+40752131044.458771i, -146027502.608266-156470973657.212677i, 70.998350+26.039136i, 6194849166.677012+5168119529.180041i, 4568190824.145341-663685414.658629i, -0.704788+9.808049i, -339441793836.232300+260330992871.267639i, -1205700.899118+630982.882172i, -21.293983-0.297768i, 757090835.975358+1216260610.723999i, 4.670420-2.783797i, 2302.424109+3208.127208i, -13192006422.706884-30370954458.408436i, -4433.770817-6456.740903i, 0.026258-0.073966i, 19.451135-9.822548i, -1059.792201+2449.441438i, -343.175006+6019.916751i, -834.062504+86.171372i, 5727.443595+107171.169755i, 42346.255628-238976.630516i, -71236.333063+499247.827900i, -23680351.513563-52465347.059533i, -4297901.921553-7011208.696859i, -46543.123527+58863.564735i, 295.458835-155.327018i, -136.737412+77.346450i, -0.264500-0.083356i, -1.438471-54.580112i, 863.209928-2564.583398i, -291727.194168-92399.717594i
 0.000000+0.000000i, 0.000000+0.000000i, 0.000000+0.000000i, 0.000000+0.000000i, 0.000000+0.000000i, 0.000000+0.000000i, -4295294715.566921+0.000000i, -0.000000-275.845322i, 17.145006-0.000000i, 0.000149+0.003184i, -0.000070-0.001379i, -0.000001-0.000010i, 0.000017-0.000003i, 0.000007-0.001422i, 0.000183-0.000636i, -19455.164723-1057528.874619i, 1765153.524365+37898.609209i, 1723147214.457438+212723319.204910i, -0.118820+0.120377i, -5008695.178559+124701434.331231i, -494315.105640+233342796.446150i, -0.957894-0.495075i, 669282.418192+18544335.807806i, 8922555.263265-1171876.451686i, 0.000758-0.011241i, 794647405.316143-614924110.443011i, 2797.355790-1410.526075i, 0.048372+0.000427i, 5199576.752486+1927784.323809i, 0.004676-0.014467i, -29.395879-43.943258i, -74127196.732298-30019294.114921i, -14.523586+16.794772i, -0.000282-0.000747i, -0.030933+0.015622i, -1.568599+3.666036i, 0.814366-14.378902i, -4.958726+0.706439i, -3.321325-47.035485i, -86.679702+487.504966i, 263.914506-1849.821692i, -42397.931638-93726.261225i, 11607.528559+18940.746023i, 41.608106-52.631546i, 0.070109-0.037443i, -5.937166+3.768967i, -0.000262+0.000072i, -0.000832+0.682980i, -8.178318-0.989647i, -4208.705527-18578.531502i
 0.000000+0.000000i, 0.000000+0.000000i, 0.000000+0.000000i, 0.000000+0.000000i, 0.000000+0.000000i, 0.000000+0.000000i, 0.000000+0.000000i, -4664972714.969570-0.000000i, 0.000000+69900876.395329i, -0.001723+0.000121i, 0.003510-0.000085i, -0.000081-0.000003i, 0.000148+0.000847i, -0.000747-0.000069i, 0.006079+0.001893i, 62044.483339-1569.685965i, -5923.189237+263926.196171i, -69310272.273107+561891115.640236i, 0.691367+0.637858i, -39737873.334840-2362245.841097i, -789279887.856621-1439495.183223i, -0.654461+1.090730i, -54153988.466221-971338.496690i, 1780889.910405+12117186.519320i, -0.015536-0.000944i, -711212310.173951-920255996.640293i, -1625.141225-3237.206930i, 0.000548-0.053737i, 290570.787300-3225478.183609i, -0.014903-0.003999i, -59.613686+39.762015i, -17966547.308053+68401876.681139i, 32.027921+9.792713i, 0.055178-0.014117i, 0.017485+0.034629i, -13.731118-5.934123i, -4.856902-0.284884i, 1.692590+12.993815i, -127.209235+7.525296i, 627.746804+111.493648i, -2023.543790-288.610067i, -61316.496520+27818.469266i, 3092.613426-1880.327991i, 39.298102+30.926890i, -0.112563-0.212650i, -1.188914-1.813936i, 0.000183-0.000826i, -5.609477-0.205121i, -21.381964+18.516397i, -27731.989689+5875.163261i
 0.000000+0.000000i, 0.000000+0.000000i, 0.000000+0.000000i, 0.000000+0.000000i, 0.000000+0.000000i, 0.000000+0.000000i, 0.000000+0.000000i, 0.000000+0.000000i, -3799474605.947801-0.000000i, -0.000005-0.000065i, 0.000003+0.000136i, 0.000002-0.000015i, -0.000304+0.000053i, 0.000009-0.000273i, -0.000207+0.000658i, -293.691299-15962.157880i, 26657.304009+572.366851i, -91697595.932854-12447171.072504i, 0.548943-0.603902i, -14551921.719996-25444886.584261i, -4709203.201800+1696777173.455077i, 0.636686+0.489892i, 20376649.743487+175942734.909382i, 3361748.449532-489296.839802i, -0.000373+0.005407i, -183422045.389506+142206581.925359i, -651.108096+342.040725i, -0.011397-0.000043i, -1086188.619649-355716.645470i, 0.000335+0.001428i, 1.824910+2.580828i, 22267380.837038+11894722.580267i, 6.913272+6.405614i, 0.007005+0.027106i, 0.002115-0.001070i, -0.407496+0.939667i, -0.161478+2.857693i, -2.108666+0.239463i, 1.433749+24.857372i, 18.691180-105.283572i, -46.130222+323.469408i, -10090.557866-22320.949952i, -2018.777030-3290.555127i, -20.987227+26.567071i, 0.129915-0.068354i, 0.212011-0.137844i, 0.000686+0.000056i, 0.023775-0.756956i, 3.489344+4.540643i, -738.210532-3104.094202i
 0.000000+0.000000i, 0.000000+0.000000i, 0.000000+0.000000i, 0.000000+0.000000i, 0.000000+0.000000i, 0.000000+0.000000i, 0.000000+0.000000i, 0.000000+0.000000i, 0.000000+0.000000i, -14419.832382-21074583.767484i, -1447874074.320045-34193338.978172i, 15868867.533058-25325.027572i, 176103.420178+3359158.845242i, -2170579.827436-5061589.432447i, 481575478.908552+171200986.954274i, -0.000089-0.000004i, -0.000030+0.000457i, -0.000476+0.000813i, -724.673791-790.435055i, -0.005919+0.004240i, 0.000361-0.000001i, 8477.601638-14365.010853i, -0.000628+0.000219i, 0.000012+0.000030i, 0.000041-0.000002i, 0.001592-0.001759i, -0.000056-0.000029i, -0.000002-0.000116i, 0.001679-0.002420i, 0.001516+0.001210i, 0.000207-0.000114i, 0.056461-0.053973i, 0.003108-0.000555i, -0.005715+0.001228i, 150.287432-46.373409i, -0.000078-0.000000i, 0.000134-0.000001i, 0.000228+0.003003i, 369.154429+3581.969706i, -116.337261+2125.545400i, -2065.999815+7365.432591i, 0.000041+0.000197i, -0.000056-0.000003i, -0.000408-0.000330i, 0.000037+0.000049i, -0.007096-0.012367i, -7711.079730+58075.734468i, -0.004628-0.000331i, -1927509.641534+815353.936273i, -0.068783+0.011207i
 0.000000+0.000000i, 0.000000+0.000000i, 0.000000+0.000000i, 0.000000+0.000000i, 0.000000+0.000000i, 0.000000+0.000000i, 0.000000+0.000000i, 0.000000+0.000000i, 0.000000+0.000000i, 0.000000+0.000000i, -14419.832382+21074583.767484i, 137.793618-28732.444881i, -4132220.949382-26498670.545195i, -221767.620860+84414.414889i, -3072482.649884-8836557.854289i, 0.000005+0.000001i, 0.000008-0.000038i, 0.000004+0.000017i, -5.102129+15.493722i, -0.000056+0.000175i, -0.000001-0.000005i, -53.826378-401.135526i, 0.000012+0.000006i, 0.000001+0.000002i, -0.000008-0.000001i, -0.000040-0.000036i, -0.000002+0.000000i, -0.000003+0.000026i, -0.000017-0.000051i, 0.000014-0.000025i, 0.000000-0.000004i, -0.000865-0.000741i, -0.000004-0.000046i, 0.000046+0.000076i, -5.556650-12.497018i, 0.000006+0.000004i, 0.000004-0.000002i, 0.000043-0.000015i, 43.882209-5.132154i, 22.503725-0.986354i, 100.089638+35.281704i, 0.000002-0.000000i, 0.000001+0.000001i, -0.000007+0.000005i, -0.000006-0.000013i, -0.000180+0.000103i, 841.168456+148.465074i, 0.000002+0.000068i, 10359.368536+28729.651042i, 0.000169+0.001000i
 0.000000+0.000000i, 0.000000+0.000000i, 0.000000+0.000000i, 0.000000+0.000000i, 0.000000+0.000000i, 0.000000+0.000000i, 0.000000+0.000000i, 0.000000+0.000000i, 0.000000+0.000000i, 0.000000+0.000000i, 0.000000+0.000000i, -12340.698897+18452614.722428i, -324427914.242401-2426761173.244695i, -1330491.465763+3108366.001507i, -308551120.894557-109611961.901024i, 0.000048+0.000001i, -0.000003+0.000047i, -0.000096+0.000220i, 254.175455+153.873067i, -0.001033+0.000735i, -0.000439-0.000052i, 13576.971460-22999.171596i, -0.001348+0.000436i, -0.000000-0.000002i, -0.000774-0.000092i, 0.000316-0.000883i, -0.000090-0.000037i, -0.000189+0.002371i, -0.000026+0.000007i, -0.000111-0.000088i, 0.000159-0.000095i, 0.018691-0.017852i, 0.000876-0.000157i, 0.001300-0.000269i, -2.508997-31.608892i, 0.000500+0.000243i, 0.000448+0.000046i, 0.000008+0.000089i, -208.746308-302.117177i, -106.542724-487.454355i, -151.645780+769.324849i, -0.000076+0.000024i, 0.000069+0.000058i, -0.000493-0.000353i, -0.000599-0.001118i, -0.000334-0.000580i, -534.104194+4020.716678i, 0.001035+0.000077i, -183089.645720+77503.181471i, -0.000934+0.000172i
 0.000000+0.000000i, 0.000000+0.000000i, 0.000000+0.000000i, 0.000000+0.000000i, 0.000000+0.000000i, 0.000000+0.000000i, 0.000000+0.000000i, 0.000000+0.000000i, 0.000000+0.000000i, 0.000000+0.000000i, 0.000000+0.000000i, 0.000000+0.000000i, -12340.698897-18452614.722428i, -907.274932-11893.035012i, -2468755.582710-595111.587914i, 0.000000+0.000000i, 0.000003+0.000001i, -0.000001+0.000002i, 3.119156-0.123728i, -0.000009+0.000004i, -0.000004-0.000001i, 11.989595-246.582046i, -0.000007+0.000023i, -0.000000-0.000000i, -0.000004-0.000001i, -0.000007-0.000001i, -0.000000-0.000000i, -0.000003+0.000014i, 0.000001+0.000001i, -0.000266+0.000253i, 0.000001-0.000000i, 0.000159-0.000114i, 0.000011+0.000102i, -0.000142-0.001928i, 0.071248-0.291844i, 0.000003+0.000002i, 0.000003+0.000001i, -0.000197-0.000011i, -0.969120+1.692722i, -0.957839+0.440494i, -1.179049+3.435699i, -0.000001-0.000000i, 0.000000+0.000000i, 0.000000-0.000005i, -0.000004-0.000009i, 0.000266-0.000114i, 4.303211+32.839815i, -0.000071+0.000375i, -1438.547387+420.137654i, -0.000007+0.000023i
 0.000000+0.000000i, 0.000000+0.000000i, 0.000000+0.000000i, 0.000000+0.000000i, 0.000000+0.000000i, 0.000000+0.000000i, 0.000000+0.000000i, 0.000000+0.000000i, 0.000000+0.000000i, 0.000000+0.000000i, 0.000000+0.000000i, 0.000000+0.000000i, 0.000000+0.000000i, -4817.706752-12100792.412107i, 1196883372.606036+359002988.605715i, -0.000176+0.000007i, 0.000010-0.001149i, 0.000088-0.000898i, -1241.975637-1744.043969i, -0.000176+0.000194i, 0.000875-0.000005i, 79303.148946-151165.982406i, -0.000301+0.000148i, -0.000010-0.000012i, 0.000101+0.000006i, 0.005286+0.002179i, -0.000139-0.000048i, 0.000007-0.000294i, -0.001453+0.002152i, 0.000187+0.000133i, 0.000459-0.000305i, 0.064876-0.068782i, 0.000795-0.000181i, -0.000766+0.000211i, 5.693964+142.629049i, -0.000157-0.000058i, 0.000309+0.000015i, 0.000035+0.000338i, 1869.123566-2309.854594i, 2374.540782-1893.506554i, -556.956721+284.494750i, -0.000035+0.000031i, -0.000093+0.000061i, -0.000866-0.000668i, 0.000070+0.000132i, -0.001766-0.002747i, 1861.434559-22612.848208i, 0.000492+0.000018i, -35082.168374+17169.812463i, -0.002093+0.000429i
 0.000000+0.000000i, 0.000000+0.000000i, 0.000000+0.000000i, 0.000000+0.000000i, 0.000000+0.000000i, 0.000000+0.000000i, 0.000000+0.000000i, 0.000000+0.000000i, 0.000000+0.000000i, 0.000000+0.000000i, 0.000000+0.000000i, 0.000000+0.000000i, 0.000000+0.000000i, 0.000000+0.000000i, -4817.706752+12100792.412107i, -0.000001-0.000003i, 0.000165+0.000538i, 0.000003-0.000000i, 6.495182-8.819254i, -0.000066+0.000091i, 0.000001+0.000004i, 945.276704+3801.460199i, -0.000131+0.000097i, 0.000000-0.000000i, 0.000000+0.000001i, 0.000002+0.000080i, -0.000000-0.000002i, 0.000004-0.000001i, -0.000000-0.000088i, -0.000092-0.000029i, 0.000005+0.000004i, 0.000576+0.000891i, 0.000193-0.000101i, 0.000407-0.000260i, -4.575014-2.490175i, 0.000000-0.000002i, 0.000001+0.000004i, 0.000263+0.000601i, 34.452424+11.072348i, 31.248011+18.930607i, -9.455824-4.905742i, -0.000001-0.000000i, -0.000001-0.000001i, -0.000006-0.000016i, -0.000001+0.000001i, 0.000170+0.000104i, 191.024157-158.013080i, 0.000312-0.000080i, -44.170739-472.755265i, 0.000012-0.000030i
 0.000000+0.000000i, 0.000000+0.000000i, 0.000000+0.000000i, 0.000000+0.000000i, 0.000000+0.000000i, 0.000000+0.000000i, 0.000000+0.000000i, 0.000000+0.000000i, 0.000000+0.000000i, 0.000000+0.000000i, 0.000000+0.000000i, 0.000000+0.000000i, 0.000000+0.000000i, 0.000000+0.000000i, 0.000000+0.000000i, -687.719340-10603706.231365i, -146951097.694832+3969303173.475562i, 729644.734927-996591.862827i, 0.034603+0.032735i, 10049805.485467-7633576.993136i, 224786.946199+41806.171834i, -0.004000+0.007279i, 1433172.547682-512123.725525i, 1659288.575827-200062.993970i, -0.000178+0.001271i, -67706.298207+18658.380548i, 0.162997-0.426471i, -0.000024-0.000322i, 320814760.377826-471789675.625604i, -0.450590-0.346000i, 9.857069-6.138524i, 16067099.384168-16717257.153615i, 259.265031-57.096229i, -0.017225+0.004158i, -0.034253-0.070178i, 0.090124+0.046030i, 2.076967+0.163503i, 3.259929+32.033982i, -0.133803+0.004707i, 0.225604+0.043393i, -0.343321-0.052482i, 14099.472713-5020.570377i, -2646.269601+1505.661193i, 5.188629+4.181789i, 0.000376+0.006071i, -0.724644-1.184878i, 0.000708-0.008984i, 7.000227+0.338491i, -0.328582+0.150930i, -214971.564595+39893.661039i
 0.000000+0.000000i, 0.000000+0.000000i, 0.000000+0.000000i, 0.000000+0.000000i, 0.000000+0.000000i, 0.000000+0.000000i, 0.000000+0.000000i, 0.000000+0.000000i, 0.000000+0.000000i, 0.000000+0.000000i, 0.000000+0.000000i, 0.000000+0.000000i, 0.000000+0.000000i, 0.000000+0.000000i, 0.000000+0.000000i, 0.000000+0.000000i, -687.719340+10603706.231365i, 435.837478-837.079749i, 0.000045+0.000039i, 53661.472006+11958.441526i, 474.430296+396.811495i, -0.022842-0.011567i, 5778.428246+3477.384357i, 14593.154057-2358.372006i, -0.000001+0.000011i, -250.043983-388.281063i, 0.001756-0.006124i, -0.000001-0.000001i, 811523.990086-1288836.792641i, -0.001222-0.000898i, 0.025473-0.017456i, 31602.489888-55024.480136i, 0.706841-0.083494i, -0.000092-0.000153i, -0.000113-0.000213i, -0.000113+0.001026i, 0.005539-0.000244i, -0.025029+0.090315i, -0.000357+0.000254i, 0.000793-0.000903i, -0.001363+0.003425i, 29.046488-30.424064i, -5.939581+5.609771i, 0.016921+0.006646i, 0.000037-0.000004i, -0.006688-0.000017i, 0.012270+0.000816i, 0.018552+0.014930i, -0.003350-0.004565i, -594.067212+18.813419i
 0.000000+0.000000i, 0.000000+0.000000i, 0.000000+0.000000i, 0.000000+0.000000i, 0.000000+0.000000i, 0.000000+0.000000i, 0.000000+0.000000i, 0.000000+0.000000i, 0.000000+0.000000i, 0.000000+0.000000i, 0.000000+0.000000i, 0.000000+0.000000i, 0.000000+0.000000i, 0.000000+0.000000i, 0.000000+0.000000i, 0.000000+0.000000i, 0.000000+0.000000i, -15777.461856+7406327.628958i, 0.000360+0.000263i, 112100028.148596+111557191.940185i, 299190.750592+1479603.220675i, -0.530701-0.204120i, -2324545.339191-4127600.684450i, -155085.607445+95553.575672i, -0.000057-0.000051i, -1110578.950260-772836.610146i, -3.053126-3.146573i, -0.000020-0.000065i, 15964479.300758+8091077.968713i, 0.010629-0.018446i, 0.251586+0.317349i, -34941993.939296-26383070.133197i, -15.771357-22.519810i, -0.000593-0.001522i, 0.005108-0.003405i, 0.025970-0.016383i, -0.004821+0.162214i, 5.341915-1.290574i, 0.153799+1.335366i, 0.264152-3.562152i, -0.075288+10.285267i, 438.995208+669.480642i, -121.885606-174.058059i, -0.497355+0.596552i, 0.000256+0.000160i, -6.464588+5.255038i, 0.000831-0.000170i, 0.533831+6.189077i, 18.402880+30.139063i, 2070.768275+6263.579877i
 0.000000+0.000000i, 0.000000+0.000000i, 0.000000+0.000000i, 0.000000+0.000000i, 0.000000+0.000000i, 0.000000+0.000000i, 0.000000+0.000000i, 0.000000+0.000000i, 0.000000+0.000000i, 0.000000+0.000000i, 0.000000+0.000000i, 0.000000+0.000000i, 0.000000+0.000000i, 0.000000+0.000000i, 0.000000+0.000000i, 0.000000+0.000000i, 0.000000+0.000000i, 0.000000+0.000000i, -687.675835+5674875.079658i, -0.000378-0.000224i, 0.000274+0.000316i, 532827906.275279+2054111964.420540i, 2.545366-5.336427i, -0.024332-0.017157i, 0.000155-0.000112i, 1.246499-0.257637i, -0.000190+0.000096i, -0.000198-0.000252i, 0.104561+0.685898i, -0.002239+0.000254i, -0.000130+0.000535i, 0.286402-15.531919i, -0.002199+0.003161i, 0.003625-0.005629i, 0.294214+0.552982i, -0.000394+0.000201i, -0.000123+0.000025i, 0.001426+0.001220i, -368664.970691-600205.982753i, -507161.464041-436102.096111i, -176142.715492-41755.915957i, -0.004922+0.001758i, 0.000285-0.000035i, -0.000094+0.000029i, 0.000123+0.000025i, -0.023728-0.006496i, -95.006756-123.490179i, -0.019260+0.016711i, 19563145.165458-48343577.111859i, 1.067834-1.495362i
 0.000000+0.000000i, 0.000000+0.000000i, 0.000000+0.000000i, 0.000000+0.000000i, 0.000000+0.000000i, 0.000000+0.000000i, 0.000000+0.000000i, 0.000000+0.000000i, 0.000000+0.000000i, 0.000000+0.000000i, 0.000000+0.000000i, 0.000000+0.000000i, 0.000000+0.000000i, 0.000000+0.000000i, 0.000000+0.000000i, 0.000000+0.000000i, 0.000000+0.000000i, 0.000000+0.000000i, 0.000000+0.000000i, -15777.461856-7406327.628958i, 70960.656467-111276.270462i, -0.000021+0.000025i, -2351507.861925-512743.750671i, 2496.140656+1723.960451i, -0.000002-0.000000i, -1848.825486-55375.471582i, 0.022586-0.173272i, 0.000002-0.000002i, -1921426.080017-244136.814137i, -0.000697+0.001264i, -0.034721-0.021329i, -271391.793676+2106849.655057i, 0.758109+1.845203i, -0.000099+0.000040i, -0.000298-0.000012i, -0.000216+0.001065i, 0.000358-0.009863i, -0.222694-0.128052i, -0.000199-0.074044i, -0.122181+0.103634i, 0.445745-0.170821i, -27.762153-45.914537i, 10.986281+11.026897i, 0.022720-0.055716i, -0.000010+0.000056i, 0.370091+0.201088i, 0.001884-0.002043i, 0.137635-0.263760i, -9.936200-3.985200i, 230.737573-228.384212i
 0.000000+0.000000i, 0.000000+0.000000i, 0.000000+0.000000i, 0.000000+0.000000i, 0.000000+0.000000i, 0.000000+0.000000i, 0.000000+0.000000i, 0.000000+0.000000i, 0.000000+0.000000i, 0.000000+0.000000i, 0.000000+0.000000i, 0.000000+0.000000i, 0.000000+0.000000i, 0.000000+0.000000i, 0.000000+0.000000i, 0.000000+0.000000i, 0.000000+0.000000i, 0.000000+0.000000i, 0.000000+0.000000i, 0.000000+0.000000i, -13379.969402+6400025.647437i, 0.020750+0.012128i, 235771233.310712-89037866.228502i, 21791.115174+113793.490620i, -0.000038-0.000014i, 638451.201654-442374.062313i, 2.237478-1.043954i, 0.000037+0.000010i, 1082710.192623-1639352.296680i, 0.001837+0.001331i, 0.050810-0.043513i, 18166581.306113-18850656.472839i, 11.749791-7.168412i, 0.000515-0.000128i, 0.001529+0.003040i, -0.003228-0.003941i, -0.035747-0.002874i, 0.298019+2.519557i, -0.463543+0.035555i, 1.431577+0.282560i, -3.357634-0.670402i, 122.667139-16.971687i, 11.686796-5.940369i, -0.117953-0.115126i, 0.000086+0.000477i, 0.549688+0.877064i, 0.000230-0.002803i, -0.749509-0.025564i, 44.716108-21.008914i, -7260.418600+1443.700198i
 0.000000+0.000000i, 0.000000+0.000000i, 0.000000+0.000000i, 0.000000+0.000000i, 0.000000+0.000000i, 0.000000+0.000000i, 0.000000+0.000000i, 0.000000+0.000000i, 0.000000+0.000000i, 0.000000+0.000000i, 0.000000+0.000000i, 0.000000+0.000000i, 0.000000+0.000000i, 0.000000+0.000000i, 0.000000+0.000000i, 0.000000+0.000000i, 0.000000+0.000000i, 0.000000+0.000000i, 0.000000+0.000000i, 0.000000+0.000000i, 0.000000+0.000000i, -687.675835-5674875.079658i, 0.001242-0.001530i, 0.000011+0.000014i, -0.000000+0.000000i, -0.000793-0.000169i, 0.000000-0.000000i, 0.000000+0.000000i, -0.023472-0.004149i, -0.000009+0.000107i, 0.000000-0.000000i, 0.065245+0.059661i, -0.000114-0.000149i, -0.000221-0.000213i, -0.001172+0.000626i, 0.000000-0.000000i, 0.000000-0.000000i, -0.000341+0.000232i, -1421.253096-1877.996780i, -391.956588-2120.096860i, 26.023093-405.018334i, -0.000006-0.000011i, 0.000001+0.000001i, 0.000001-0.000007i, -0.000000-0.000000i, 0.000192-0.000204i, -0.062675+0.479299i, 0.000113+0.000075i, -116140.763890+87538.296453i, -0.004673+0.002072i
 0.000000+0.000000i, 0.000000+0.000000i, 0.000000+0.000000i, 0.000000+0.000000i, 0.000000+0.000000i, 0.000000+0.000000i, 0.000000+0.000000i, 0.000000+0.000000i, 0.000000+0.000000i, 0.000000+0.000000i, 0.000000+0.000000i, 0.000000+0.000000i, 0.000000+0.000000i, 0.000000+0.000000i, 0.000000+0.000000i, 0.000000+0.000000i, 0.000000+0.000000i, 0.000000+0.000000i, 0.000000+0.000000i, 0.000000+0.000000i, 0.000000+0.000000i, 0.000000+0.000000i, -13379.969402-6400025.647437i, 820.003797+205.435457i, -0.000000+0.000000i, 3094.143973+8881.756099i, 0.004951+0.029574i, -0.000000+0.000000i, -607017.191092+378015.496323i, 0.000293+0.000354i, -0.014611+0.001781i, -332520.231278-578084.637114i, -0.035979-0.330567i, -0.000087-0.000023i, 0.000086+0.000029i, 0.000143+0.000552i, -0.002323-0.000030i, 0.041994+0.097833i, -0.004288+0.013157i, 0.005584-0.043525i, 0.017358+0.121985i, -23.935758-3.663909i, 3.431878-1.023976i, -0.008141-0.004032i, 0.000016-0.000031i, 0.010946-0.078034i, 0.000552-0.001298i, 0.003750+0.022176i, -3.214645-1.000457i, 425.928671+260.616660i
 0.000000+0.000000i, 0.000000+0.000000i, 0.000000+0.000000i, 0.000000+0.000000i, 0.000000+0.000000i, 0.000000+0.000000i, 0.000000+0.000000i, 0.000000+0.000000i, 0.000000+0.000000i, 0.000000+0.000000i, 0.000000+0.000000i, 0.000000+0.000000i, 0.000000+0.000000i, 0.000000+0.000000i, 0.000000+0.000000i, 0.000000+0.000000i, 0.000000+0.000000i, 0.000000+0.000000i, 0.000000+0.000000i, 0.000000+0.000000i, 0.000000+0.000000i, 0.000000+0.000000i, 0.000000+0.000000i, -689.605188-4556102.119732i, -0.000124-0.000028i, 15810.217167+27788.034745i, 0.170521+0.164617i, 0.000007+0.000018i, -1166662491.650822-1028520314.522231i, -0.425626+0.409193i, -13.391227-29.047153i, -42782311.331792-53025680.840335i, -9.619523-8.736729i, -0.010960-0.088768i, -0.087402+0.029827i, -0.317387+0.009939i, 1.237581-5.243017i, 144.984457+3.335727i, -0.046083+0.498310i, 0.310091-0.936576i, -0.538253+1.835147i, -6252.615770-42619.286776i, 3164.147224+8078.008570i, 13.999469-13.372416i, 0.021308+0.009796i, 105.200041-47.276739i, -0.016555-0.003423i, 11.894446-68.336838i, -0.694539-2.487883i, 74736.322359+1282028.066422i
 0.000000+0.000000i, 0.000000+0.000000i, 0.000000+0.000000i, 0.000000+0.000000i, 0.000000+0.000000i, 0.000000+0.000000i, 0.000000+0.000000i, 0.000000+0.000000i, 0.000000+0.000000i, 0.000000+0.000000i, 0.000000+0.000000i, 0.000000+0.000000i, 0.000000+0.000000i, 0.000000+0.000000i, 0.000000+0.000000i, 0.000000+0.000000i, 0.000000+0.000000i, 0.000000+0.000000i, 0.000000+0.000000i, 0.000000+0.000000i, 0.000000+0.000000i, 0.000000+0.000000i, 0.000000+0.000000i, 0.000000+0.000000i, -276.662729-4502881.316031i, 0.000012-0.000010i, -0.000002+0.000003i, -17128.449576+677.932960i, -0.016247-0.008962i, 1013881311.023649+627693246.199380i, 0.030395-0.023538i, -0.122272+0.148994i, -0.001421+0.001125i, 98978920.633896-34065758.294381i, 0.025138+0.043502i, -0.004519-0.001545i, -0.005239+0.000108i, -0.002554-0.011168i, -0.017043+0.002079i, -0.047115-0.004664i, 0.027881+0.001749i, -1.563997-1.103469i, -3.761956-1.887157i, -0.002194-0.002679i, -609101.660464+958973.146660i, -0.001757-0.002168i, 0.000240+0.003151i, -0.002486+0.000115i, -0.000344+0.000062i, 355.989822-101.343392i
 0.000000+0.000000i, 0.000000+0.000000i, 0.000000+0.000000i, 0.000000+0.000000i, 0.000000+0.000000i, 0.000000+0.000000i, 0.000000+0.000000i, 0.000000+0.000000i, 0.000000+0.000000i, 0.000000+0.000000i, 0.000000+0.000000i, 0.000000+0.000000i, 0.000000+0.000000i, 0.000000+0.000000i, 0.000000+0.000000i, 0.000000+0.000000i, 0.000000+0.000000i, 0.000000+0.000000i, 0.000000+0.000000i, 0.000000+0.000000i, 0.000000+0.000000i, 0.000000+0.000000i, 0.000000+0.000000i, 0.000000+0.000000i, 0.000000+0.000000i, -5202.279795-4253199.874366i, -0.018847+0.011644i, 0.000003-0.000005i, -181229.830702+50105.882314i, 0.000137+0.000248i, -0.031850-0.020862i, -20994561.438979-141517802.451557i, -5460.415417+2060.238654i, -0.037880+0.096047i, 0.017236+0.003174i, -3.290314-1.076917i, -3.555562+1.152506i, 154.073507+475.387260i, -1.918859+3.199795i, 6.353488-7.634858i, -14.302068+20.944330i, -240.906231-153.331497i, -19.050670-233.376272i, 0.946258+2.839378i, 0.003131-0.001061i, 70.121995+95.151703i, 0.036452+0.028111i, 258.902398-43.267753i, -278.632650+1291.428759i, 25566.681249-51575.783693i
 0.000000+0.000000i, 0.000000+0.000000i, 0.000000+0.000000i, 0.000000+0.000000i, 0.000000+0.000000i, 0.000000+0.000000i, 0.000000+0.000000i, 0.000000+0.000000i, 0.000000+0.000000i, 0.000000+0.000000i, 0.000000+0.000000i, 0.000000+0.000000i, 0.000000+0.000000i, 0.000000+0.000000i, 0.000000+0.000000i, 0.000000+0.000000i, 0.000000+0.000000i, 0.000000+0.000000i, 0.000000+0.000000i, 0.000000+0.000000i, 0.000000+0.000000i, 0.000000+0.000000i, 0.000000+0.000000i, 0.000000+0.000000i, 0.000000+0.000000i, 0.000000+0.000000i, -262.774949-4258156.189090i, 0.000000+0.000000i, 2.189049+0.972644i, -0.000188+0.000615i, 6695.534674+5185.648723i, -568.108927-267.863914i, 1578030066.499756-953243919.809741i, -0.016365+0.007366i, 0.037554+0.034414i, 1070441.677608+175584.245480i, 1001758.569583-466974.859686i, -64506168.136040-135787323.766966i, -0.025317+0.010086i, 0.053097-0.008145i, 0.067274-0.012468i, -126.306052+14.495917i, -32.422174+67.477373i, -864674.489780-507923.842447i, 0.004999+0.004375i, -31160838.556585-25359881.174824i, 0.005221+0.019360i, -75202451.792573+22636500.144696i, -0.008860+0.012858i, 13751.333915-7948.683211i
 0.000000+0.000000i, 0.000000+0.000000i, 0.000000+0.000000i, 0.000000+0.000000i, 0.000000+0.000000i, 0.000000+0.000000i, 0.000000+0.000000i, 0.000000+0.000000i, 0.000000+0.000000i, 0.000000+0.000000i, 0.000000+0.000000i, 0.000000+0.000000i, 0.000000+0.000000i, 0.000000+0.000000i, 0.000000+0.000000i, 0.000000+0.000000i, 0.000000+0.000000i, 0.000000+0.000000i, 0.000000+0.000000i, 0.000000+0.000000i, 0.000000+0.000000i, 0.000000+0.000000i, 0.000000+0.000000i, 0.000000+0.000000i, 0.000000+0.000000i, 0.000000+0.000000i, 0.000000+0.000000i, -234.376088-4034153.284485i, -0.000139+0.000227i, -39933.852092-28804.785455i, -0.000030+0.000020i, 0.000266-0.000280i, -0.002552+0.000664i, -602392400.371917-2002294939.548509i, 0.089338-0.023792i, 0.104302-0.270187i, 0.000305-0.021087i, -0.121059+0.022471i, 0.000349+0.005757i, -0.018156+0.132559i, 0.031916-0.311677i, 1.135632-1.450164i, 2.061991-2.275001i, -0.001402+0.003520i, -595504.104138-619583.073732i, -0.012264+0.007175i, 0.018791+0.000843i, 0.000091+0.004598i, 0.014520+0.030815i, 84.625873+348.044094i
 0.000000+0.000000i, 0.000000+0.000000i, 0.000000+0.000000i, 0.000000+0.000000i, 0.000000+0.000000i, 0.000000+0.000000i, 0.000000+0.000000i, 0.000000+0.000000i, 0.000000+0.000000i, 0.000000+0.000000i, 0.000000+0.000000i, 0.000000+0.000000i, 0.000000+0.000000i, 0.000000+0.000000i, 0.000000+0.000000i, 0.000000+0.000000i, 0.000000+0.000000i, 0.000000+0.000000i, 0.000000+0.000000i, 0.000000+0.000000i, 0.000000+0.000000i, 0.000000+0.000000i, 0.000000+0.000000i, 0.000000+0.000000i, 0.000000+0.000000i, 0.000000+0.000000i, 0.000000+0.000000i, 0.000000+0.000000i, -689.605188+4556102.119732i, -0.000076-0.000003i, -0.069574+0.154661i, -1502.475963+10216.000563i, 0.125353-0.127348i, -0.000026+0.000011i, 0.000422+0.000240i, 0.001190+0.002278i, -0.024661+0.011949i, -24.271021+19.955481i, -0.003867+0.003962i, 0.013080-0.010502i, -0.034152+0.033389i, -160.718135+138.200409i, 21.501255-34.435730i, -0.085627-0.564280i, 0.000008-0.000174i, -0.678577+0.626016i, -0.063220+0.034090i, 1.997562+3.614804i, -5.008760-0.898868i, -9066.517919-14598.285535i
 0.000000+0.000000i, 0.000000+0.000000i, 0.000000+0.000000i, 0.000000+0.000000i, 0.000000+0.000000i, 0.000000+0.000000i, 0.000000+0.000000i, 0.000000+0.000000i, 0.000000+0.000000i, 0.000000+0.000000i, 0.000000+0.000000i, 0.000000+0.000000i, 0.000000+0.000000i, 0.000000+0.000000i, 0.000000+0.000000i, 0.000000+0.000000i, 0.000000+0.000000i, 0.000000+0.000000i, 0.000000+0.000000i, 0.000000+0.000000i, 0.000000+0.000000i, 0.000000+0.000000i, 0.000000+0.000000i, 0.000000+0.000000i, 0.000000+0.000000i, 0.000000+0.000000i, 0.000000+0.000000i, 0.000000+0.000000i, 0.000000+0.000000i, -276.662729+4502881.316031i, 0.000248+0.000092i, -0.000038-0.000004i, -0.000003+0.000000i, 8589.715091+7011.169731i, -0.000130+0.000255i, -0.000028-0.000121i, -0.000022-0.000033i, 0.033572+0.036044i, -0.000062-0.000077i, -0.000106-0.000217i, 0.000036+0.000067i, 0.003857-0.017820i, 0.005166-0.043678i, -0.000848+0.000006i, -11484.379119-2279.643410i, 0.021995+0.008680i, -0.021943-0.036462i, -0.012128+0.008270i, -0.002981+0.005516i, 1.385620+0.652373i
 0.000000+0.000000i, 0.000000+0.000000i, 0.000000+0.000000i, 0.000000+0.000000i, 0.000000+0.000000i, 0.000000+0.000000i, 0.000000+0.000000i, 0.000000+0.000000i, 0.000000+0.000000i, 0.000000+0.000000i, 0.000000+0.000000i, 0.000000+0.000000i, 0.000000+0.000000i, 0.000000+0.000000i, 0.000000+0.000000i, 0.000000+0.000000i, 0.000000+0.000000i, 0.000000+0.000000i, 0.000000+0.000000i, 0.000000+0.000000i, 0.000000+0.000000i, 0.000000+0.000000i, 0.000000+0.000000i, 0.000000+0.000000i, 0.000000+0.000000i, 0.000000+0.000000i, 0.000000+0.000000i, 0.000000+0.000000i, 0.000000+0.000000i, 0.000000+0.000000i, -266.297740-3689628.785986i, 0.006515+0.140812i, 42002.080310-106155.873475i, 0.001000-0.002929i, -0.000047-0.000006i, 1011.525618-658.991732i, -1497.718640+1984.608659i, 682946939.572912-1366707469.662314i, -0.122468-0.071400i, 0.125344+0.117799i, 0.020581+0.018033i, 2316.128081+244.879305i, 2440.881868-95.296713i, 10058335.688894+24718551.782637i, -0.003189+0.041221i, 658166.412978-35437723.054535i, 0.028359-0.033513i, 61648896.621403+43446087.640316i, 0.017458+0.001798i, 23519.201591+9436.886107i
 0.000000+0.000000i, 0.000000+0.000000i, 0.000000+0.000000i, 0.000000+0.000000i, 0.000000+0.000000i, 0.000000+0.000000i, 0.000000+0.000000i, 0.000000+0.000000i, 0.000000+0.000000i, 0.000000+0.000000i, 0.000000+0.000000i, 0.000000+0.000000i, 0.000000+0.000000i, 0.000000+0.000000i, 0.000000+0.000000i, 0.000000+0.000000i, 0.000000+0.000000i, 0.000000+0.000000i, 0.000000+0.000000i, 0.000000+0.000000i, 0.000000+0.000000i, 0.000000+0.000000i, 0.000000+0.000000i, 0.000000+0.000000i, 0.000000+0.000000i, 0.000000+0.000000i, 0.000000+0.000000i, 0.000000+0.000000i, 0.000000+0.000000i, 0.000000+0.000000i, 0.000000+0.000000i, -5202.279795+4253199.874366i, -0.010294+0.012645i, 0.000043-0.000058i, -0.000837-0.000283i, 0.003607-0.004456i, 0.010304-0.013238i, -0.025654-0.012280i, 0.107433-0.138902i, -0.338255+0.337864i, 0.803942-0.990041i, 16.122569+11.348067i, 0.302228+11.447663i, 0.046120-0.027412i, -0.000170+0.000068i, 0.298667+1.006639i, 0.105138-0.086073i, -3.095339-2.199104i, 135.484518+9.445729i, -1290.844497+1172.956918i
 0.000000+0.000000i, 0.000000+0.000000i, 0.000000+0.000000i, 0.000000+0.000000i, 0.000000+0.000000i, 0.000000+0.000000i, 0.000000+0.000000i, 0.000000+0.000000i, 0.000000+0.000000i, 0.000000+0.000000i, 0.000000+0.000000i, 0.000000+0.000000i, 0.000000+0.000000i, 0.000000+0.000000i, 0.000000+0.000000i, 0.000000+0.000000i, 0.000000+0.000000i, 0.000000+0.000000i, 0.000000+0.000000i, 0.000000+0.000000i, 0.000000+0.000000i, 0.000000+0.000000i, 0.000000+0.000000i, 0.000000+0.000000i, 0.000000+0.000000i, 0.000000+0.000000i, 0.000000+0.000000i, 0.000000+0.000000i, 0.000000+0.000000i, 0.000000+0.000000i, 0.000000+0.000000i, 0.000000+0.000000i, -262.774949+4258156.189090i, 0.000000-0.000002i, -0.000191+0.000056i, -3097.659598+3243.089354i, -154.353018+4509.586938i, 39137.454572+3906.589541i, 0.000009-0.000051i, -0.000054+0.000130i, -0.000089+0.000237i, 0.077072-1.259629i, -0.577426-0.965955i, 10179.770843-8040.534792i, -0.000010+0.000003i, -194888.694603-797532.599994i, 0.008269-0.029518i, 1099563.751431+79086.965961i, -0.026144+0.005920i, 105.229993+33.568204i
 0.000000+0.000000i, 0.000000+0.000000i, 0.000000+0.000000i, 0.000000+0.000000i, 0.000000+0.000000i, 0.000000+0.000000i, 0.000000+0.000000i, 0.000000+0.000000i, 0.000000+0.000000i, 0.000000+0.000000i, 0.000000+0.000000i, 0.000000+0.000000i, 0.000000+0.000000i, 0.000000+0.000000i, 0.000000+0.000000i, 0.000000+0.000000i, 0.000000+0.000000i, 0.000000+0.000000i, 0.000000+0.000000i, 0.000000+0.000000i, 0.000000+0.000000i, 0.000000+0.000000i, 0.000000+0.000000i, 0.000000+0.000000i, 0.000000+0.000000i, 0.000000+0.000000i, 0.000000+0.000000i, 0.000000+0.000000i, 0.000000+0.000000i, 0.000000+0.000000i, 0.000000+0.000000i, 0.000000+0.000000i, 0.000000+0.000000i, -234.376088+4034153.284485i, -0.000309-0.000010i, -0.000625+0.000804i, -0.000021+0.000066i, 0.000045+0.000005i, 0.000004-0.000017i, 0.000176-0.000384i, -0.000395+0.000950i, -0.007138+0.003868i, -0.012154+0.006198i, 0.000016-0.000019i, 1531.020849+3616.734693i, -0.058660-0.183697i, 0.027328-0.040732i, 0.046646+0.013712i, -0.108920+0.020736i, -0.193549-0.702545i
 0.000000+0.000000i, 0.000000+0.000000i, 0.000000+0.000000i, 0.000000+0.000000i, 0.000000+0.000000i, 0.000000+0.000000i, 0.000000+0.000000i, 0.000000+0.000000i, 0.000000+0.000000i, 0.000000+0.000000i, 0.000000+0.000000i, 0.000000+0.000000i, 0.000000+0.000000i, 0.000000+0.000000i, 0.000000+0.000000i, 0.000000+0.000000i, 0.000000+0.000000i, 0.000000+0.000000i, 0.000000+0.000000i, 0.000000+0.000000i, 0.000000+0.000000i, 0.000000+0.000000i, 0.000000+0.000000i, 0.000000+0.000000i, 0.000000+0.000000i, 0.000000+0.000000i, 0.000000+0.000000i, 0.000000+0.000000i, 0.000000+0.000000i, 0.000000+0.000000i, 0.000000+0.000000i, 0.000000+0.000000i, 0.000000+0.000000i, 0.000000+0.000000i, -687.706769-2957173.157072i, 0.000001-0.000001i, -0.000004-0.000003i, 0.000539+0.000975i, 0.031294+0.014059i, 0.015471+0.011824i, 0.039801+0.028150i, 0.000001+0.000003i, 0.000004+0.000004i, 0.000001+0.000051i, 0.000001-0.000006i, 0.000153+0.006702i, 940440957.658775+588509345.403802i, -0.008081+0.014759i, 16.540090-491.762715i, -0.000566+0.001019i
 0.000000+0.000000i, 0.000000+0.000000i, 0.000000+0.000000i, 0.000000+0.000000i, 0.000000+0.000000i, 0.000000+0.000000i, 0.000000+0.000000i, 0.000000+0.000000i, 0.000000+0.000000i, 0.000000+0.000000i, 0.000000+0.000000i, 0.000000+0.000000i, 0.000000+0.000000i, 0.000000+0.000000i, 0.000000+0.000000i, 0.000000+0.000000i, 0.000000+0.000000i, 0.000000+0.000000i, 0.000000+0.000000i, 0.000000+0.000000i, 0.000000+0.000000i, 0.000000+0.000000i, 0.000000+0.000000i, 0.000000+0.000000i, 0.000000+0.000000i, 0.000000+0.000000i, 0.000000+0.000000i, 0.000000+0.000000i, 0.000000+0.000000i, 0.000000+0.000000i, 0.000000+0.000000i, 0.000000+0.000000i, 0.000000+0.000000i, 0.000000+0.000000i, 0.000000+0.000000i, -276.699166-3317217.265359i, 8251.794182+22520.480098i, 1926.562884-662.062978i, 0.000010-0.000026i, 0.000013-0.000006i, -0.000001+0.000026i, 3.213000+2.924567i, 1.554285+1.091737i, -10895.920220+40931.483341i, -0.000042+0.000045i, 1148237657.791444+787261639.493579i, -0.006648+0.006668i, -218152755.467959+85543087.207259i, 0.042437-0.045460i, 6645.214230-4609.586071i
 0.000000+0.000000i, 0.000000+0.000000i, 0.000000+0.000000i, 0.000000+0.000000i, 0.000000+0.000000i, 0.000000+0.000000i, 0.000000+0.000000i, 0.000000+0.000000i, 0.000000+0.000000i, 0.000000+0.000000i, 0.000000+0.000000i, 0.000000+0.000000i, 0.000000+0.000000i, 0.000000+0.000000i, 0.000000+0.000000i, 0.000000+0.000000i, 0.000000+0.000000i, 0.000000+0.000000i, 0.000000+0.000000i, 0.000000+0.000000i, 0.000000+0.000000i, 0.000000+0.000000i, 0.000000+0.000000i, 0.000000+0.000000i, 0.000000+0.000000i, 0.000000+0.000000i, 0.000000+0.000000i, 0.000000+0.000000i, 0.000000+0.000000i, 0.000000+0.000000i, 0.000000+0.000000i, 0.000000+0.000000i, 0.000000+0.000000i, 0.000000+0.000000i, 0.000000+0.000000i, 0.000000+0.000000i, -235.356849-3179763.005669i, 11604.330619-1414.035841i, 0.000018+0.000033i, 0.000014+0.000107i, -0.000000+0.000005i, -0.531738-1.024452i, 2.649312+3.812894i, -6806.998277+9757.743981i, -0.000011+0.000035i, -138535.005110+101320.947887i, 0.000002+0.000001i, -1601975535.309990+36593912.566674i, -0.108187+0.069705i, -1319.010876+339.968153i
 0.000000+0.000000i, 0.000000+0.000000i, 0.000000+0.000000i, 0.000000+0.000000i, 0.000000+0.000000i, 0.000000+0.000000i, 0.000000+0.000000i, 0.000000+0.000000i, 0.000000+0.000000i, 0.000000+0.000000i, 0.000000+0.000000i, 0.000000+0.000000i, 0.000000+0.000000i, 0.000000+0.000000i, 0.000000+0.000000i, 0.000000+0.000000i, 0.000000+0.000000i, 0.000000+0.000000i, 0.000000+0.000000i, 0.000000+0.000000i, 0.000000+0.000000i, 0.000000+0.000000i, 0.000000+0.000000i, 0.000000+0.000000i, 0.000000+0.000000i, 0.000000+0.000000i, 0.000000+0.000000i, 0.000000+0.000000i, 0.000000+0.000000i, 0.000000+0.000000i, 0.000000+0.000000i, 0.000000+0.000000i, 0.000000+0.000000i, 0.000000+0.000000i, 0.000000+0.000000i, 0.000000+0.000000i, 0.000000+0.000000i, -266.297740+3689628.785986i, 0.000570+0.000036i, -0.000676-0.000203i, -0.000112-0.000029i, -9.289752+3.593487i, -8.704476+5.043680i, -85324.874758-72402.946208i, -0.000068-0.000158i, 3081.192993+6492.792165i, -0.000013+0.000056i, -26535.669500-4082.541876i, -0.003701-0.010921i, -137.139095-922.566137i
 0.000000+0.000000i, 0.000000+0.000000i, 0.000000+0.000000i, 0.000000+0.000000i, 0.000000+0.000000i, 0.000000+0.000000i, 0.000000+0.000000i, 0.000000+0.000000i, 0.000000+0.000000i, 0.000000+0.000000i, 0.000000+0.000000i, 0.000000+0.000000i, 0.000000+0.000000i, 0.000000+0.000000i, 0.000000+0.000000i, 0.000000+0.000000i, 0.000000+0.000000i, 0.000000+0.000000i, 0.000000+0.000000i, 0.000000+0.000000i, 0.000000+0.000000i, 0.000000+0.000000i, 0.000000+0.000000i, 0.000000+0.000000i, 0.000000+0.000000i, 0.000000+0.000000i, 0.000000+0.000000i, 0.000000+0.000000i, 0.000000+0.000000i, 0.000000+0.000000i, 0.000000+0.000000i, 0.000000+0.000000i, 0.000000+0.000000i, 0.000000+0.000000i, 0.000000+0.000000i, 0.000000+0.000000i, 0.000000+0.000000i, 0.000000+0.000000i, -510.314559-2469115.033211i, -3312.307818+12497.853770i, 4419.718532-23283.679802i, -0.000267-0.000641i, -0.000007-0.000036i, -0.000007+0.000017i, 0.000063+0.000020i, 0.000005-0.000005i, -0.203517-0.024557i, 0.000069-0.000816i, 44101718.266818-18256576.548124i, 1.681050-0.270912i
 0.000000+0.000000i, 0.000000+0.000000i, 0.000000+0.000000i, 0.000000+0.000000i, 0.000000+0.000000i, 0.000000+0.000000i, 0.000000+0.000000i, 0.000000+0.000000i, 0.000000+0.000000i, 0.000000+0.000000i, 0.000000+0.000000i, 0.000000+0.000000i, 0.000000+0.000000i, 0.000000+0.000000i, 0.000000+0.000000i, 0.000000+0.000000i, 0.000000+0.000000i, 0.000000+0.000000i, 0.000000+0.000000i, 0.000000+0.000000i, 0.000000+0.000000i, 0.000000+0.000000i, 0.000000+0.000000i, 0.000000+0.000000i, 0.000000+0.000000i, 0.000000+0.000000i, 0.000000+0.000000i, 0.000000+0.000000i, 0.000000+0.000000i, 0.000000+0.000000i, 0.000000+0.000000i, 0.000000+0.000000i, 0.000000+0.000000i, 0.000000+0.000000i, 0.000000+0.000000i, 0.000000+0.000000i, 0.000000+0.000000i, 0.000000+0.000000i, 0.000000+0.000000i, -402.209449-2567780.042494i, -385.111428-7984.686563i, -0.000127-0.000160i, 0.000006+0.000046i, 0.000003-0.000015i, -0.000015-0.000005i, 0.000819-0.000744i, -0.163999+0.017837i, 0.000065+0.000441i, 18242245.471171-12985773.325036i, 0.666856-0.288516i
 0.000000+0.000000i, 0.000000+0.000000i, 0.000000+0.000000i, 0.000000+0.000000i, 0.000000+0.000000i, 0.000000+0.000000i, 0.000000+0.000000i, 0.000000+0.000000i, 0.000000+0.000000i, 0.000000+0.000000i, 0.000000+0.000000i, 0.000000+0.000000i, 0.000000+0.000000i, 0.000000+0.000000i, 0.000000+0.000000i, 0.000000+0.000000i, 0.000000+0.000000i, 0.000000+0.000000i, 0.000000+0.000000i, 0.000000+0.000000i, 0.000000+0.000000i, 0.000000+0.000000i, 0.000000+0.000000i, 0.000000+0.000000i, 0.000000+0.000000i, 0.000000+0.000000i, 0.000000+0.000000i, 0.000000+0.000000i, 0.000000+0.000000i, 0.000000+0.000000i, 0.000000+0.000000i, 0.000000+0.000000i, 0.000000+0.000000i, 0.000000+0.000000i, 0.000000+0.000000i, 0.000000+0.000000i, 0.000000+0.000000i, 0.000000+0.000000i, 0.000000+0.000000i, 0.000000+0.000000i, -282.347060-2835652.078413i, -0.000012-0.000019i, 0.000008+0.000013i, -0.000016+0.000013i, -0.000029-0.000004i, -0.000262+0.000230i, -3.045738+0.162749i, -0.000148-0.002573i, 626626211.931569-412862491.682229i, 8.558315-3.036101i
 0.000000+0.000000i, 0.000000+0.000000i, 0.000000+0.000000i, 0.000000+0.000000i, 0.000000+0.000000i, 0.000000+0.000000i, 0.000000+0.000000i, 0.000000+0.000000i, 0.000000+0.000000i, 0.000000+0.000000i, 0.000000+0.000000i, 0.000000+0.000000i, 0.000000+0.000000i, 0.000000+0.000000i, 0.000000+0.000000i, 0.000000+0.000000i, 0.000000+0.000000i, 0.000000+0.000000i, 0.000000+0.000000i, 0.000000+0.000000i, 0.000000+0.000000i, 0.000000+0.000000i, 0.000000+0.000000i, 0.000000+0.000000i, 0.000000+0.000000i, 0.000000+0.000000i, 0.000000+0.000000i, 0.000000+0.000000i, 0.000000+0.000000i, 0.000000+0.000000i, 0.000000+0.000000i, 0.000000+0.000000i, 0.000000+0.000000i, 0.000000+0.000000i, 0.000000+0.000000i, 0.000000+0.000000i, 0.000000+0.000000i, 0.000000+0.000000i, 0.000000+0.000000i, 0.000000+0.000000i, 0.000000+0.000000i, -276.987206-2840417.058302i, -88.378991-609.543644i, -5.327776+2.767225i, 0.208264-0.013079i, 2.156883-0.107707i, 0.000204+0.000115i, -2.207438+4.547496i, 0.000947+0.025323i, 595725942.059165+137112124.870662i
 0.000000+0.000000i, 0.000000+0.000000i, 0.000000+0.000000i, 0.000000+0.000000i, 0.000000+0.000000i, 0.000000+0.000000i, 0.000000+0.000000i, 0.000000+0.000000i, 0.000000+0.000000i, 0.000000+0.000000i, 0.000000+0.000000i, 0.000000+0.000000i, 0.000000+0.000000i, 0.000000+0.000000i, 0.000000+0.000000i, 0.000000+0.000000i, 0.000000+0.000000i, 0.000000+0.000000i, 0.000000+0.000000i, 0.000000+0.000000i, 0.000000+0.000000i, 0.000000+0.000000i, 0.000000+0.000000i, 0.000000+0.000000i, 0.000000+0.000000i, 0.000000+0.000000i, 0.000000+0.000000i, 0.000000+0.000000i, 0.000000+0.000000i, 0.000000+0.000000i, 0.000000+0.000000i, 0.000000+0.000000i, 0.000000+0.000000i, 0.000000+0.000000i, 0.000000+0.000000i, 0.000000+0.000000i, 0.000000+0.000000i, 0.000000+0.000000i, 0.000000+0.000000i, 0.000000+0.000000i, 0.000000+0.000000i, 0.000000+0.000000i, -234.078600-2590512.659309i, -0.708162+0.254422i, 0.306627+0.019504i, 2.148269+0.009587i, -0.000011-0.000008i, -2.428313+3.476906i, 0.000205-0.001726i, -13765.509354+36651.785124i
 0.000000+0.000000i, 0.000000+0.000000i, 0.000000+0.000000i, 0.000000+0.000000i, 0.000000+0.000000i, 0.000000+0.000000i, 0.000000+0.000000i, 0.000000+0.000000i, 0.000000+0.000000i, 0.000000+0.000000i, 0.000000+0.000000i, 0.000000+0.000000i, 0.000000+0.000000i, 0.000000+0.000000i, 0.000000+0.000000i, 0.000000+0.000000i, 0.000000+0.000000i, 0.000000+0.000000i, 0.000000+0.000000i, 0.000000+0.000000i, 0.000000+0.000000i, 0.000000+0.000000i, 0.000000+0.000000i, 0.000000+0.000000i, 0.000000+0.000000i, 0.000000+0.000000i, 0.000000+0.000000i, 0.000000+0.000000i, 0.000000+0.000000i, 0.000000+0.000000i, 0.000000+0.000000i, 0.000000+0.000000i, 0.000000+0.000000i, 0.000000+0.000000i, 0.000000+0.000000i, 0.000000+0.000000i, 0.000000+0.000000i, 0.000000+0.000000i, 0.000000+0.000000i, 0.000000+0.000000i, 0.000000+0.000000i, 0.000000+0.000000i, 0.000000+0.000000i, -248.799757-2708948.028022i, -0.000035+0.000063i, 8902.282870-21911.201837i, 0.000006-0.000005i, 31014.149911+43214.293209i, 0.000006+0.000003i, -25.375816-23.859840i
 0.000000+0.000000i, 0.000000+0.000000i, 0.000000+0.000000i, 0.000000+0.000000i, 0.000000+0.000000i, 0.000000+0.000000i, 0.000000+0.000000i, 0.000000+0.000000i, 0.000000+0.000000i, 0.000000+0.000000i, 0.000000+0.000000i, 0.000000+0.000000i, 0.000000+0.000000i, 0.000000+0.000000i, 0.000000+0.000000i, 0.000000+0.000000i, 0.000000+0.000000i, 0.000000+0.000000i, 0.000000+0.000000i, 0.000000+0.000000i, 0.000000+0.000000i, 0.000000+0.000000i, 0.000000+0.000000i, 0.000000+0.000000i, 0.000000+0.000000i, 0.000000+0.000000i, 0.000000+0.000000i, 0.000000+0.000000i, 0.000000+0.000000i, 0.000000+0.000000i, 0.000000+0.000000i, 0.000000+0.000000i, 0.000000+0.000000i, 0.000000+0.000000i, 0.000000+0.000000i, 0.000000+0.000000i, 0.000000+0.000000i, 0.000000+0.000000i, 0.000000+0.000000i, 0.000000+0.000000i, 0.000000+0.000000i, 0.000000+0.000000i, 0.000000+0.000000i, 0.000000+0.000000i, -139.033737-2670906.889237i, -0.000015-0.000191i, 0.000001-0.000003i, -0.000385-0.000222i, -0.000011-0.000001i, 1.854052+0.604410i
 0.000000+0.000000i, 0.000000+0.000000i, 0.000000+0.000000i, 0.000000+0.000000i, 0.000000+0.000000i, 0.000000+0.000000i, 0.000000+0.000000i, 0.000000+0.000000i, 0.000000+0.000000i, 0.000000+0.000000i, 0.000000+0.000000i, 0.000000+0.000000i, 0.000000+0.000000i, 0.000000+0.000000i, 0.000000+0.000000i, 0.000000+0.000000i, 0.000000+0.000000i, 0.000000+0.000000i, 0.000000+0.000000i, 0.000000+0.000000i, 0.000000+0.000000i, 0.000000+0.000000i, 0.000000+0.000000i, 0.000000+0.000000i, 0.000000+0.000000i, 0.000000+0.000000i, 0.000000+0.000000i, 0.000000+0.000000i, 0.000000+0.000000i, 0.000000+0.000000i, 0.000000+0.000000i, 0.000000+0.000000i, 0.000000+0.000000i, 0.000000+0.000000i, 0.000000+0.000000i, 0.000000+0.000000i, 0.000000+0.000000i, 0.000000+0.000000i, 0.000000+0.000000i, 0.000000+0.000000i, 0.000000+0.000000i, 0.000000+0.000000i, 0.000000+0.000000i, 0.000000+0.000000i, 0.000000+0.000000i, -276.699166+3317217.265359i, -0.000002-0.000000i, 3709.831121+2494.911678i, 0.000017-0.000002i, 0.804052+0.305377i
 0.000000+0.000000i, 0.000000+0.000000i, 0.000000+0.000000i, 0.000000+0.000000i, 0.000000+0.000000i, 0.000000+0.000000i, 0.000000+0.000000i, 0.000000+0.000000i, 0.000000+0.000000i, 0.000000+0.000000i, 0.000000+0.000000i, 0.000000+0.000000i, 0.000000+0.000000i, 0.000000+0.000000i, 0.000000+0.000000i, 0.000000+0.000000i, 0.000000+0.000000i, 0.000000+0.000000i, 0.000000+0.000000i, 0.000000+0.000000i, 0.000000+0.000000i, 0.000000+0.000000i, 0.000000+0.000000i, 0.000000+0.000000i, 0.000000+0.000000i, 0.000000+0.000000i, 0.000000+0.000000i, 0.000000+0.000000i, 0.000000+0.000000i, 0.000000+0.000000i, 0.000000+0.000000i, 0.000000+0.000000i, 0.000000+0.000000i, 0.000000+0.000000i, 0.000000+0.000000i, 0.000000+0.000000i, 0.000000+0.000000i, 0.000000+0.000000i, 0.000000+0.000000i, 0.000000+0.000000i, 0.000000+0.000000i, 0.000000+0.000000i, 0.000000+0.000000i, 0.000000+0.000000i, 0.000000+0.000000i, 0.000000+0.000000i, -687.706769+2957173.157072i, -0.000004-0.000000i, 0.016678-0.009220i, -0.000001-0.000001i
 0.000000+0.000000i, 0.000000+0.000000i, 0.000000+0.000000i, 0.000000+0.000000i, 0.000000+0.000000i, 0.000000+0.000000i, 0.000000+0.000000i, 0.000000+0.000000i, 0.000000+0.000000i, 0.000000+0.000000i, 0.000000+0.000000i, 0.000000+0.000000i, 0.000000+0.000000i, 0.000000+0.000000i, 0.000000+0.000000i, 0.000000+0.000000i, 0.000000+0.000000i, 0.000000+0.000000i, 0.000000+0.000000i, 0.000000+0.000000i, 0.000000+0.000000i, 0.000000+0.000000i, 0.000000+0.000000i, 0.000000+0.000000i, 0.000000+0.000000i, 0.000000+0.000000i, 0.000000+0.000000i, 0.000000+0.000000i, 0.000000+0.000000i, 0.000000+0.000000i, 0.000000+0.000000i, 0.000000+0.000000i, 0.000000+0.000000i, 0.000000+0.000000i, 0.000000+0.000000i, 0.000000+0.000000i, 0.000000+0.000000i, 0.000000+0.000000i, 0.000000+0.000000i, 0.000000+0.000000i, 0.000000+0.000000i, 0.000000+0.000000i, 0.000000+0.000000i, 0.000000+0.000000i, 0.000000+0.000000i, 0.000000+0.000000i, 0.000000+0.000000i, -235.356838+3179763.005669i, 0.000018+0.000027i, -0.037706-0.154152i
 0.000000+0.000000i, 0.000000+0.000000i, 0.000000+0.000000i, 0.000000+0.000000i, 0.000000+0.000000i, 0.000000+0.000000i, 0.000000+0.000000i, 0.000000+0.000000i, 0.000000+0.000000i, 0.000000+0.000000i, 0.000000+0.000000i, 0.000000+0.000000i, 0.000000+0.000000i, 0.000000+0.000000i, 0.000000+0.000000i, 0.000000+0.000000i, 0.000000+0.000000i, 0.000000+0.000000i, 0.000000+0.000000i, 0.000000+0.000000i, 0.000000+0.000000i, 0.000000+0.000000i, 0.000000+0.000000i, 0.000000+0.000000i, 0.000000+0.000000i, 0.000000+0.000000i, 0.000000+0.000000i, 0.000000+0.000000i, 0.000000+0.000000i, 0.000000+0.000000i, 0.000000+0.000000i, 0.000000+0.000000i, 0.000000+0.000000i, 0.000000+0.000000i, 0.000000+0.000000i, 0.000000+0.000000i, 0.000000+0.000000i, 0.000000+0.000000i, 0.000000+0.000000i, 0.000000+0.000000i, 0.000000+0.000000i, 0.000000+0.000000i, 0.000000+0.000000i, 0.000000+0.000000i, 0.000000+0.000000i, 0.000000+0.000000i, 0.000000+0.000000i, 0.000000+0.000000i, -282.347064+2835652.078413i, 0.000010-0.000038i
 0.000000+0.000000i, 0.000000+0.000000i, 0.000000+0.000000i, 0.000000+0.000000i, 0.000000+0.000000i, 0.000000+0.000000i, 0.000000+0.000000i, 0.000000+0.000000i, 0.000000+0.000000i, 0.000000+0.000000i, 0.000000+0.000000i, 0.000000+0.000000i, 0.000000+0.000000i, 0.000000+0.000000i, 0.000000+0.000000i, 0.000000+0.000000i, 0.000000+0.000000i, 0.000000+0.000000i, 0.000000+0.000000i, 0.000000+0.000000i, 0.000000+0.000000i, 0.000000+0.000000i, 0.000000+0.000000i, 0.000000+0.000000i, 0.000000+0.000000i, 0.000000+0.000000i, 0.000000+0.000000i, 0.000000+0.000000i, 0.000000+0.000000i, 0.000000+0.000000i, 0.000000+0.000000i, 0.000000+0.000000i, 0.000000+0.000000i, 0.000000+0.000000i, 0.000000+0.000000i, 0.000000+0.000000i, 0.000000+0.000000i, 0.000000+0.000000i, 0.000000+0.000000i, 0.000000+0.000000i, 0.000000+0.000000i, 0.000000+0.000000i, 0.000000+0.000000i, 0.000000+0.000000i, 0.000000+0.000000i, 0.000000+0.000000i, 0.000000+0.000000i, 0.000000+0.000000i, 0.000000+0.000000i, -276.987201+2840417.058302i
