-0.000011,-0.000000,0.000000,-0.000051,0.000051,0.000026,-0.000026,0.000018,-0.000018,0.000010,-0.000010,-0.000001,0.000001,-0.000000,0.000000,0.000006,-0.000006,-0.000008,0.000008,-0.000008,0.000008,0.000005,-0.000005,-0.000001,0.000001,0.000005,-0.000005,-0.000004,0.000004,-0.000007,0.000007,0.000007,-0.000007,-0.000002,0.000002,-0.000005,0.000005,-0.000026,0.000026,-0.000002,0.000002,0.000035,-0.000035,-0.001228,0.001228,0.000315,-0.000315,0.000051,-0.000051,-0.000531,0.000531,-0.000009,0.000009,0.000055,-0.000055,0.000027,-0.000027,-0.000003,0.000003,0.000045,-0.000045,-0.000048,0.000048,0.000133,-0.000133,-0.000044,0.000044,0.000077,-0.000077,-0.000015,0.000015,-0.000087,0.000087,0.000096,-0.000096,-0.000233,0.000233,0.003921,-0.003921,-0.000507,0.000507,-0.000105,0.000105,0.003499,-0.003499,-0.000387,0.000387,0.001020,-0.001020,0.000305,-0.000305,-0.000332,0.000332,0.000172,-0.000172,-0.000014,0.000014,0.000329,-0.000329,0.000126,-0.000126,-0.000162,0.000162,0.000343,-0.000343,-0.001694,0.001694,-0.000131,0.000131,-0.000008,0.000008,-0.000157,0.000157,0.000141,-0.000141,-0.000096,0.000096,0.003846,-0.003846,-0.000388,0.000388,-0.000008,0.000008,0.000135,-0.000135,0.000060,-0.000060,0.000426,-0.000426,-0.000659,0.000659,-0.000646,0.000646,0.000163,-0.000163,0.000072,-0.000072,-0.000062,0.000062,-0.000008,0.000008,-0.000054,0.000054,0.000472,-0.000472,0.000334,-0.000334,0.000446,-0.000446,-0.000101,0.000101,-0.001681,0.001681,-0.001147,0.001147,-0.004154,0.004154,-0.004329,0.004329,-0.004473,0.004473,0.001264,-0.001264,0.002188,-0.002188,-0.000295,0.000295,-0.002345,0.002345,-0.005103,0.005103,0.002041,-0.002041,0.004967,-0.004967,0.000041,-0.000041,-0.000195,0.000195,0.003690,-0.003690,-0.001856,0.001856,-0.004163,0.004163,-0.000320,0.000320,0.001585,-0.001585,0.000133,-0.000133,0.000035,-0.000035,-0.000332,0.000332,0.000097,-0.000097,-0.000026,0.000026,0.000018,0.000000,0.000000,0.000000,0.000000,0.000000,0.000000
0.000008,-0.000107,0.000107,-0.000061,0.000061,-0.000123,0.000123,0.001994,-0.001994,-0.000069,0.000069,-0.000067,0.000067,0.000011,-0.000011,-0.000038,0.000038,0.000110,-0.000110,-0.000050,0.000050,-0.000651,0.000651,-0.080380,0.080380,0.000089,-0.000089,-0.000029,0.000029,-0.000044,0.000044,0.000224,-0.000224,-0.003987,0.003987,-0.000058,0.000058,0.000631,-0.000631,0.000157,-0.000157,0.000001,-0.000001,-0.001270,0.001270,0.000331,-0.000331,-0.000102,0.000102,-0.000557,0.000557,0.000075,-0.000075,-0.000021,0.000021,-0.000077,0.000077,-0.002765,0.002765,0.000731,-0.000731,-0.000321,0.000321,-0.002936,0.002936,0.002031,-0.002031,-0.017859,0.017859,-0.005418,0.005418,-0.000778,0.000778,0.000127,-0.000127,0.000473,-0.000473,-0.011579,0.011579,-0.019946,0.019946,-0.002368,0.002368,-0.000425,0.000425,0.010622,-0.010622,0.007397,-0.007397,-0.003418,0.003418,-0.001191,0.001191,0.002719,-0.002719,-0.007611,0.007611,-0.002241,0.002241,0.000056,-0.000056,0.000040,-0.000040,0.000297,-0.000297,-0.001722,0.001722,0.000972,-0.000972,0.001425,-0.001425,0.000779,-0.000779,-0.000101,0.000101,-0.000090,0.000090,0.000005,-0.000005,-0.000027,0.000027,0.000014,-0.000014,-0.000844,0.000844,-0.000143,0.000143,-0.001042,0.001042,0.000249,-0.000249,-0.001726,0.001726,-0.000615,0.000615,0.000605,-0.000605,0.018681,-0.018681,0.000047,-0.000047,0.001487,-0.001487,0.000329,-0.000329,-0.000857,0.000857,0.008690,-0.008690,0.012583,-0.012583,0.004482,-0.004482,0.002172,-0.002172,0.001355,-0.001355,-0.001772,0.001772,-0.000385,0.000385,-0.000089,0.000089,-0.001839,0.001839,-0.000349,0.000349,0.001654,-0.001654,-0.000006,0.000006,0.000037,-0.000037,0.000000,-0.000000,0.000012,-0.000012,-0.000285,0.000285,0.000015,-0.000015,0.000007,-0.000007,0.000007,-0.000007,-0.000060,0.000060,0.000000,-0.000000,-0.000046,0.000046,0.000010,-0.000010,-0.004512,0.004512,0.000001,-0.000001,-0.000118,0.000118,-0.000010,0.000000,0.000000,0.000000,0.000000,-0.000000,0.000000
0.000008,-0.000107,0.000107,-0.000061,0.000061,-0.000028,0.000028,-0.000444,0.000444,0.000021,-0.000021,-0.000067,0.000067,0.000010,-0.000010,-0.000038,0.000038,0.000110,-0.000110,-0.000051,0.000051,-0.000651,0.000651,-0.080307,0.080307,0.000089,-0.000089,-0.000030,0.000030,-0.000039,0.000039,0.000245,-0.000245,-0.003986,0.003986,-0.000056,0.000056,0.000630,-0.000630,0.000157,-0.000157,-0.000005,0.000005,-0.001267,0.001267,0.000331,-0.000331,-0.000101,0.000101,-0.000557,0.000557,0.000051,-0.000051,-0.000031,0.000031,-0.000085,0.000085,-0.002595,0.002595,0.000166,-0.000166,0.000165,-0.000165,-0.003455,0.003455,0.000830,-0.000830,-0.008172,0.008172,-0.007356,0.007356,-0.001877,0.001877,-0.000330,0.000330,-0.000925,0.000925,0.004325,-0.004325,-0.000243,0.000243,-0.000202,0.000202,0.000260,-0.000260,0.011137,-0.011137,0.006337,-0.006337,-0.000317,0.000317,-0.000265,0.000265,0.000159,-0.000159,-0.000096,0.000096,-0.001916,0.001916,0.000056,-0.000056,0.000040,-0.000040,0.000297,-0.000297,-0.001722,0.001722,0.000972,-0.000972,0.001425,-0.001425,0.000780,-0.000780,-0.000102,0.000102,-0.000090,0.000090,0.000005,-0.000005,-0.000027,0.000027,0.000014,-0.000014,-0.000844,0.000844,-0.000143,0.000143,-0.001045,0.001045,0.000255,-0.000255,-0.001726,0.001726,-0.000615,0.000615,0.000605,-0.000605,0.018681,-0.018681,0.000047,-0.000047,0.001486,-0.001486,0.000329,-0.000329,-0.000853,0.000853,0.008653,-0.008653,0.012583,-0.012583,0.004482,-0.004482,0.002172,-0.002172,0.001355,-0.001355,-0.001772,0.001772,-0.000385,0.000385,-0.000089,0.000089,-0.001839,0.001839,-0.000349,0.000349,0.001654,-0.001654,-0.000053,0.000053,-0.000039,0.000039,0.000000,-0.000000,0.000012,-0.000012,-0.000285,0.000285,0.000015,-0.000015,0.000007,-0.000007,0.000007,-0.000007,-0.000060,0.000060,0.000000,-0.000000,-0.000046,0.000046,-0.000204,0.000204,-0.004512,0.004512,0.000001,-0.000001,-0.000118,0.000118,-0.000010,0.000000,0.000000,0.000000,0.000000,0.000000,0.000000
0.000229,-0.000312,0.000312,0.000078,-0.000078,-0.000017,0.000017,-0.000079,0.000079,-0.000021,0.000021,0.000027,-0.000027,0.000196,-0.000196,-0.000854,0.000854,-0.000346,0.000346,0.000000,0.000000,0.000000,0.000000,0.000000,0.000000,0.000000,0.000000,0.000000,0.000000,0.000000,0.000000,0.000000,0.000000,0.000000,0.000000,0.000000,0.000000,0.000000,0.000000,0.000000,0.000000,0.000000,0.000000,0.000000,0.000000,0.000000,0.000000,0.000000,0.000000,0.000000,0.000000,0.000000,0.000000,0.000000,0.000000,0.000000,0.000000,0.000000,0.000000,0.000000,0.000000,0.000000,0.000000,0.000000,0.000000,0.000000,0.000000,0.000000,0.000000,0.000000,0.000000,0.000000,0.000000,0.000000,0.000000,0.000000,0.000000,0.000000,0.000000,-0.000000,0.000000,-0.000000,0.000000,-0.000000,0.000000,0.000000,-0.000000,-0.000243,0.000243,-0.000226,0.000226,-0.000000,0.000000,-0.000007,0.000007,0.000043,-0.000043,0.000000,-0.000000,0.000000,-0.000000,-0.000000,0.000000,0.000000,-0.000000,-0.000000,0.000000,-0.000000,0.000000,-0.000000,0.000000,-0.000000,0.000000,0.000000,-0.000000,0.000000,-0.000000,-0.000000,0.000000,0.000000,-0.000000,0.000000,-0.000000,-0.000000,0.000000,0.000000,-0.000000,-0.000000,0.000000,-0.000000,0.000000,-0.000000,0.000000,0.000000,-0.000000,0.000000,-0.000000,-0.000000,0.000000,0.000000,-0.000000,0.000000,-0.000000,0.000000,-0.000000,0.000000,-0.000000,0.000000,-0.000000,0.000000,-0.000000,-0.000000,0.000000,-0.000000,0.000000,-0.000000,0.000000,0.000000,-0.000000,-0.000000,0.000000,-0.000000,0.000000,0.000000,-0.000000,-0.000000,0.000000,-0.000000,0.000000,-0.000000,0.000000,0.000000,-0.000000,-0.000000,0.000000,-0.000000,0.000000,0.000000,-0.000000,-0.000000,0.000000,-0.000000,0.000000,0.000000,-0.000000,-0.000000,0.000000,-0.000000,0.000000,-0.000001,0.000001,-0.000000,0.000000,-0.000000,0.000000,0.000005,-0.000005,-0.000000,0.000000,-0.000000,0.000000,0.000000,0.000000,0.000000,0.000000,0.000000
-0.000000,0.000000,-0.000000,-0.000056,0.000056,0.000040,-0.000040,0.000018,-0.000018,0.000010,-0.000010,-0.000001,0.000001,-0.000000,0.000000,0.000000,-0.000000,-0.000000,0.000000,0.000000,-0.000000,0.000005,-0.000005,0.000000,-0.000000,0.000005,-0.000005,-0.000010,0.000010,-0.000000,0.000000,0.000008,-0.000008,-0.000000,0.000000,-0.000007,0.000007,-0.000002,0.000002,-0.000002,0.000002,0.000035,-0.000035,-0.001195,0.001195,0.000335,-0.000335,0.000000,0.000000,-0.000561,0.000561,-0.000005,0.000005,0.000055,-0.000055,0.000027,-0.000027,-0.000003,0.000003,0.000002,-0.000002,-0.000039,0.000039,0.000133,-0.000133,-0.000043,0.000043,0.000082,-0.000082,-0.000015,0.000015,-0.000080,0.000080,0.000096,-0.000096,-0.000232,0.000232,0.003925,-0.003925,-0.000511,0.000511,-0.000123,0.000123,0.000211,-0.000211,-0.000146,0.000146,0.000777,-0.000777,-0.000308,0.000308,-0.000333,0.000333,0.000077,-0.000077,-0.000025,0.000025,-0.000082,0.000082,-0.000031,0.000031,0.000021,-0.000021,0.000263,-0.000263,-0.001696,0.001696,-0.000182,0.000182,0.000000,0.000000,0.000000,0.000000,0.000000,0.000000,0.000000,0.000000,0.000000,0.000000,0.000000,0.000000,0.000000,0.000000,0.000000,0.000000,0.000000,0.000000,0.000000,0.000000,0.000000,0.000000,0.000000,0.000000,0.000000,0.000000,0.000000,0.000000,0.000000,0.000000,0.000000,0.000000,0.000000,0.000000,0.000000,0.000000,0.000000,0.000000,0.000000,0.000000,0.000000,0.000000,0.000000,0.000000,0.000000,0.000000,0.000000,0.000000,0.000000,0.000000,0.000000,0.000000,0.000000,0.000000,0.000000,0.000000,0.000000,0.000000,0.000000,0.000000,-0.000000,0.000000,-0.000000,0.000000,0.000000,-0.000000,0.000000,-0.000000,-0.000288,0.000288,0.000012,-0.000012,0.000000,-0.000000,0.000007,-0.000007,-0.000061,0.000061,-0.000000,0.000000,-0.000000,0.000000,0.000000,-0.000000,-0.000000,0.000000,0.000000,-0.000000,0.000000,-0.000000,0.000000,0.000000,0.000000,0.000000,0.000000,0.000000,0.000000
0.000000,0.000000,0.000000,0.000000,0.000000,0.000000,0.000000,0.000000,0.000000,0.000000,0.000000,0.000000,0.000000,0.000000,0.000000,0.000000,0.000000,0.000000,0.000000,0.000000,0.000000,0.000000,0.000000,0.000000,0.000000,0.000000,0.000000,0.000000,0.000000,0.000000,0.000000,0.000000,0.000000,0.000000,0.000000,0.000000,0.000000,0.000000,0.000000,0.000000,0.000000,0.000000,0.000000,0.000000,0.000000,0.000000,0.000000,0.000000,0.000000,0.000000,0.000000,0.000000,0.000000,0.000000,0.000000,0.000000,0.000000,0.000000,0.000000,0.000000,-0.000000,0.000000,-0.000000,0.000000,-0.000000,-0.000000,0.000000,0.000091,-0.000091,-0.000266,0.000266,-0.000000,0.000000,0.000004,-0.000004,-0.000030,0.000030,-0.000000,0.000000,-0.000000,0.000000,0.000000,-0.000000,-0.000000,0.000000,0.000000,-0.000000,0.000000,-0.000000,0.000000,-0.000000,0.000000,-0.000000,-0.000000,0.000000,-0.000000,0.000000,-0.000000,0.000000,-0.000000,0.000000,-0.000000,0.000000,0.000000,-0.000000,-0.000000,0.000000,0.000000,-0.000000,0.000000,-0.000000,0.000000,-0.000000,-0.000000,0.000000,-0.000000,0.000000,0.000000,-0.000000,-0.000000,0.000000,-0.000000,0.000000,-0.000000,0.000000,-0.000000,0.000000,-0.000000,0.000000,-0.000000,0.000000,-0.000000,0.000000,0.000000,-0.000000,0.000000,-0.000000,-0.000000,0.000000,-0.000000,0.000000,0.000000,-0.000000,-0.000000,0.000000,0.000000,-0.000000,-0.000000,0.000000,-0.000000,0.000000,-0.000000,0.000000,-0.000000,0.000000,0.000000,-0.000000,-0.000000,0.000000,0.000000,-0.000000,-0.000000,0.000000,-0.000000,0.000000,-0.000000,0.000000,0.000000,-0.000000,0.000000,-0.000000,0.000000,-0.000000,0.000000,-0.000000,-0.000001,0.000001,-0.000000,0.000000,0.000000,-0.000000,0.000000,-0.000000,-0.000006,0.000006,0.000000,-0.000000,-0.000002,0.000002,0.000003,-0.000003,-0.000001,0.000001,0.000013,-0.000013,-0.000000,0.000000,0.000001,-0.000001,0.000000,0.000000,0.000000,0.000000,0.000000,0.000000,-0.000000
0.000001,-0.000107,0.000107,-0.000055,0.000055,-0.000028,0.000028,-0.000447,0.000447,0.000026,-0.000026,-0.000070,0.000070,0.000001,-0.000001,-0.000033,0.000033,-0.000275,0.000275,-0.000038,0.000038,-0.000651,0.000651,-0.080300,0.080300,-0.000045,0.000045,0.000021,-0.000021,-0.000012,0.000012,0.000245,-0.000245,-0.003986,0.003986,-0.000056,0.000056,0.000630,-0.000630,0.000139,-0.000139,0.000156,-0.000156,-0.001267,0.001267,0.000323,-0.000323,-0.000098,0.000098,-0.000557,0.000557,0.000055,-0.000055,-0.000031,0.000031,-0.000078,0.000078,-0.002590,0.002590,0.000169,-0.000169,-0.000131,0.000131,0.000004,-0.000004,0.000838,-0.000838,-0.008186,0.008186,-0.007341,0.007341,-0.001871,0.001871,-0.000364,0.000364,-0.000899,0.000899,0.004040,-0.004040,-0.000173,0.000173,-0.000355,0.000355,0.000090,-0.000090,0.011193,-0.011193,0.006351,-0.006351,-0.000308,0.000308,-0.000333,0.000333,0.000077,-0.000077,-0.000025,0.000025,-0.000082,0.000082,-0.000031,0.000031,0.000021,-0.000021,0.000263,-0.000263,-0.001696,0.001696,-0.000182,0.000182,0.000000,0.000000,0.000000,0.000000,0.000000,0.000000,0.000000,0.000000,0.000000,0.000000,0.000000,0.000000,0.000000,0.000000,0.000000,0.000000,0.000000,0.000000,0.000000,0.000000,0.000000,0.000000,0.000000,0.000000,0.000000,0.000000,0.000000,0.000000,0.000000,0.000000,0.000000,0.000000,0.000000,0.000000,0.000000,0.000000,0.000000,0.000000,0.000000,0.000000,0.000000,-0.000000,0.000000,-0.000000,0.000000,-0.000000,-0.000000,0.000000,0.000000,-0.000000,0.000000,-0.000000,0.000000,-0.000000,-0.000000,0.000000,-0.000000,0.000000,-0.000000,0.000000,-0.000006,0.000006,0.000021,-0.000021,0.000000,-0.000000,0.000009,-0.000009,-0.000290,0.000290,0.000015,-0.000015,-0.000000,0.000000,0.000007,-0.000007,-0.000061,0.000061,-0.000000,0.000000,-0.000042,0.000042,0.000000,-0.000000,0.000000,-0.000000,0.000000,-0.000000,-0.000039,0.000039,0.000005,0.000000,0.000000,0.000000,-0.000000,0.000000,0.000000
-0.000971,-0.000331,0.000331,0.000239,-0.000239,0.005165,-0.005165,-0.000052,0.000052,0.007611,-0.007611,-0.021154,0.021154,-0.001810,0.001810,-0.000167,0.000167,-0.004418,0.004418,-0.001575,0.001575,-0.003502,0.003502,-0.000380,0.000380,0.001799,-0.001799,0.000196,-0.000196,-0.000028,0.000028,-0.001784,0.001784,-0.004145,0.004145,-0.009660,0.009660,-0.001309,0.001309,-0.000205,0.000205,0.001237,-0.001237,-0.001450,0.001450,-0.001245,0.001245,-0.003605,0.003605,-0.000880,0.000880,0.001794,-0.001794,0.000782,-0.000782,-0.002179,0.002179,0.004759,-0.004759,-0.001778,0.001778,-0.005394,0.005394,0.001253,-0.001253,0.001238,-0.001238,-0.000003,0.000003,-0.001181,0.001181,0.000070,-0.000070,-0.000684,0.000684,0.000818,-0.000818,0.000137,-0.000137,-0.000000,0.000000,-0.000000,0.000000,-0.000000,0.000000,0.000051,-0.000051,-0.000922,0.000922,0.000013,-0.000013,0.000000,-0.000000,-0.000000,0.000000,0.000001,-0.000001,-0.000000,0.000000,0.000002,-0.000002,0.000005,-0.000005,0.000037,-0.000037,-0.000095,0.000095,-0.000001,0.000001,0.000008,-0.000008,0.000309,-0.000309,0.000003,-0.000003,0.000006,-0.000006,-0.000002,0.000002,-0.000000,0.000000,-0.000012,0.000012,0.000005,-0.000005,0.000002,-0.000002,-0.000035,0.000035,-0.000006,0.000006,-0.000039,0.000039,-0.000007,0.000007,-0.000020,0.000020,0.000479,-0.000479,0.000066,-0.000066,0.001372,-0.001372,0.000746,-0.000746,0.003081,-0.003081,0.014912,-0.014912,0.002650,-0.002650,-0.002180,0.002180,-0.002728,0.002728,-0.001119,0.001119,0.018830,-0.018830,0.025786,-0.025786,-0.000018,0.000018,0.000537,-0.000537,0.000120,-0.000120,-0.001138,0.001138,-0.000082,0.000082,0.002652,-0.002652,0.001495,-0.001495,0.007802,-0.007802,-0.000895,0.000895,0.000296,-0.000296,0.001072,-0.001072,-0.000344,0.000344,0.004868,-0.004868,-0.005346,0.005346,0.005918,-0.005918,-0.015736,0.015736,0.003749,-0.003749,0.000350,-0.000350,-0.021306,0.021306,-0.028657,0.000000,0.000000,0.000000,-0.000000,0.000000,0.000000
-0.000902,-0.000446,0.000446,0.000239,-0.000239,0.005185,-0.005185,-0.000012,0.000012,0.006790,-0.006790,0.000546,-0.000546,-0.001460,0.001460,0.000013,-0.000013,-0.004328,0.004328,-0.001582,0.001582,-0.002641,0.002641,0.000668,-0.000668,0.001399,-0.001399,-0.000491,0.000491,-0.000032,0.000032,-0.000796,0.000796,-0.004256,0.004256,-0.009695,0.009695,-0.002542,0.002542,0.000000,-0.000000,-0.000000,0.000000,0.000002,-0.000002,0.000000,-0.000000,-0.000004,0.000004,0.000004,-0.000004,-0.000032,0.000032,0.000000,-0.000000,0.000000,-0.000000,-0.000000,0.000000,0.000000,-0.000000,0.000004,-0.000004,0.000000,-0.000000,0.000012,-0.000012,0.000000,-0.000000,0.000000,-0.000000,0.000071,-0.000071,0.000000,-0.000000,0.000223,-0.000223,-0.000000,0.000000,-0.000000,0.000000,-0.000001,0.000001,-0.000001,0.000001,0.000051,-0.000051,-0.000916,0.000916,0.000017,-0.000017,0.000000,-0.000000,-0.000000,0.000000,0.000002,-0.000002,-0.000050,0.000050,0.000063,-0.000063,0.000005,-0.000005,-0.000014,0.000014,-0.000093,0.000093,-0.000002,0.000002,0.000067,-0.000067,0.000037,-0.000037,0.000003,-0.000003,0.000026,-0.000026,-0.000157,0.000157,-0.000104,0.000104,-0.017099,0.017099,0.000617,-0.000617,0.000379,-0.000379,-0.000044,0.000044,-0.000007,0.000007,-0.000065,0.000065,-0.000962,0.000962,0.000122,-0.000122,0.000492,-0.000492,-0.000567,0.000567,0.003551,-0.003551,0.000178,-0.000178,0.002987,-0.002987,0.014568,-0.014568,0.002486,-0.002486,-0.002925,0.002925,-0.001947,0.001947,-0.001265,0.001265,0.022693,-0.022693,0.024800,-0.024800,0.001190,-0.001190,-0.000009,0.000009,-0.000696,0.000696,0.006685,-0.006685,0.011799,-0.011799,0.008534,-0.008534,0.001131,-0.001131,0.007529,-0.007529,-0.000034,0.000034,0.001204,-0.001204,-0.000463,0.000463,0.006142,-0.006142,0.007115,-0.007115,-0.001355,0.001355,0.005918,-0.005918,-0.015735,0.015735,0.003749,-0.003749,0.000350,-0.000350,-0.021307,0.021307,-0.028657,0.000000,0.000000,0.000000,0.000000,0.000000,0.000000
-0.000971,-0.000331,0.000331,0.000239,-0.000239,0.005165,-0.005165,-0.000052,0.000052,0.007611,-0.007611,-0.021154,0.021154,-0.001810,0.001810,-0.000167,0.000167,-0.004418,0.004418,-0.001575,0.001575,-0.003502,0.003502,-0.000380,0.000380,0.001799,-0.001799,0.000196,-0.000196,-0.000028,0.000028,-0.001784,0.001784,-0.004145,0.004145,-0.009660,0.009660,-0.001309,0.001309,-0.000205,0.000205,0.001237,-0.001237,-0.001450,0.001450,-0.001245,0.001245,-0.003605,0.003605,-0.000580,0.000580,0.001750,-0.001750,0.000782,-0.000782,-0.002179,0.002179,0.004759,-0.004759,-0.001778,0.001778,-0.005394,0.005394,0.001253,-0.001253,0.001238,-0.001238,-0.000003,0.000003,-0.001181,0.001181,0.000070,-0.000070,-0.000684,0.000684,0.000818,-0.000818,0.000137,-0.000137,-0.000000,0.000000,-0.000000,0.000000,-0.000000,0.000000,0.000051,-0.000051,-0.000922,0.000922,0.000013,-0.000013,0.000000,-0.000000,-0.000000,0.000000,0.000001,-0.000001,-0.000000,0.000000,0.000002,-0.000002,0.000005,-0.000005,0.000037,-0.000037,-0.000095,0.000095,-0.000002,0.000002,0.000008,-0.000008,0.000037,-0.000037,0.000003,-0.000003,0.000006,-0.000006,-0.000002,0.000002,-0.000000,0.000000,-0.000012,0.000012,0.000005,-0.000005,0.000002,-0.000002,-0.000035,0.000035,-0.000006,0.000006,-0.000039,0.000039,-0.000007,0.000007,-0.000020,0.000020,0.000479,-0.000479,0.000066,-0.000066,0.001202,-0.001202,0.000746,-0.000746,0.003593,-0.003593,0.014912,-0.014912,0.002650,-0.002650,-0.002180,0.002180,-0.002728,0.002728,-0.001119,0.001119,0.018829,-0.018829,0.025785,-0.025785,-0.000018,0.000018,0.000537,-0.000537,0.000120,-0.000120,-0.001138,0.001138,-0.000082,0.000082,0.002652,-0.002652,0.001495,-0.001495,0.007785,-0.007785,-0.000895,0.000895,0.000296,-0.000296,0.001073,-0.001073,-0.000344,0.000344,0.004469,-0.004469,-0.005346,0.005346,0.005918,-0.005918,-0.015735,0.015735,0.003749,-0.003749,0.000350,-0.000350,-0.021307,0.021307,-0.028657,0.000000,0.000000,0.000000,-0.000000,0.000000,0.000000
-0.000991,0.026651,-0.026651,-0.003428,0.003428,0.003911,-0.003911,0.002915,-0.002915,0.000170,-0.000170,-0.000387,0.000387,0.001712,-0.001712,0.002112,-0.002112,0.006478,-0.006478,0.001475,-0.001475,0.003365,-0.003365,-0.003229,0.003229,-0.001348,0.001348,0.005464,-0.005464,0.016518,-0.016518,0.003079,-0.003079,-0.000130,0.000130,0.002449,-0.002449,-0.003333,0.003333,-0.006477,0.006477,-0.000100,0.000100,-0.002021,0.002021,0.004334,-0.004334,0.003147,-0.003147,0.008666,-0.008666,0.005774,-0.005774,-0.000310,0.000310,0.011125,-0.011125,0.005893,-0.005893,0.001149,-0.001149,-0.001656,0.001656,0.004868,-0.004868,0.008651,-0.008651,0.003122,-0.003122,-0.000273,0.000273,0.000016,-0.000016,-0.000443,0.000443,-0.000083,0.000083,0.000188,-0.000188,-0.000116,0.000116,-0.000028,0.000028,0.000294,-0.000294,0.000435,-0.000435,-0.000500,0.000500,-0.000256,0.000256,-0.000003,0.000003,-0.000001,0.000001,-0.000004,0.000004,-0.000011,0.000011,-0.000063,0.000063,-0.000107,0.000107,-0.000019,0.000019,0.000074,-0.000074,-0.000151,0.000151,0.000053,-0.000053,0.000174,-0.000174,-0.000004,0.000004,0.000065,-0.000065,-0.000708,0.000708,-0.000477,0.000477,0.064124,-0.064124,-0.015420,0.015420,0.001027,-0.001027,0.004020,-0.004020,0.002511,-0.002511,-0.000379,0.000379,-0.000914,0.000914,0.000488,-0.000488,0.000419,-0.000419,0.000005,-0.000005,-0.003718,0.003718,0.000286,-0.000286,0.000408,-0.000408,0.002119,-0.002119,0.000281,-0.000281,0.001076,-0.001076,-0.000373,0.000373,-0.000377,0.000377,-0.002655,0.002655,-0.000289,0.000289,-0.006212,0.006212,0.001078,-0.001078,0.006352,-0.006352,-0.001152,0.001152,0.000284,-0.000284,0.005127,-0.005127,-0.000719,0.000719,-0.001153,0.001153,0.000180,-0.000180,0.000920,-0.000920,-0.000846,0.000846,-0.001162,0.001162,-0.002797,0.002797,-0.005279,0.005279,0.000000,-0.000000,0.000623,-0.000623,-0.000129,0.000129,0.000594,-0.000594,-0.011148,0.011148,0.001481,0.000000,0.000000,0.000000,-0.000000,-0.000000,-0.000000
-0.000955,0.028513,-0.028513,-0.003713,0.003713,0.003813,-0.003813,0.002242,-0.002242,0.000035,-0.000035,0.000046,-0.000046,0.000587,-0.000587,-0.000048,0.000048,-0.000115,0.000115,0.000002,-0.000002,0.000468,-0.000468,-0.000207,0.000207,0.000038,-0.000038,-0.005679,0.005679,0.000497,-0.000497,-0.000320,0.000320,-0.000162,0.000162,0.001148,-0.001148,-0.003590,0.003590,-0.006408,0.006408,0.000487,-0.000487,-0.001554,0.001554,-0.000560,0.000560,0.000884,-0.000884,0.008665,-0.008665,0.005774,-0.005774,-0.000052,0.000052,0.011241,-0.011241,0.002260,-0.002260,-0.001051,0.001051,-0.001663,0.001663,0.004867,-0.004867,0.008651,-0.008651,0.003135,-0.003135,-0.000278,0.000278,-0.000002,0.000002,-0.000441,0.000441,-0.000084,0.000084,0.000175,-0.000175,-0.000115,0.000115,-0.000029,0.000029,0.000294,-0.000294,0.000427,-0.000427,-0.000487,0.000487,-0.000202,0.000202,-0.006974,0.006974,0.010350,-0.010350,0.000040,-0.000040,-0.000021,0.000021,-0.000068,0.000068,0.000119,-0.000119,0.000263,-0.000263,-0.000146,0.000146,-0.000414,0.000414,0.000089,-0.000089,-0.001870,0.001870,0.000209,-0.000209,0.000320,-0.000320,0.000139,-0.000139,-0.000549,0.000549,0.064097,-0.064097,-0.015566,0.015566,0.000850,-0.000850,0.015059,-0.015059,0.001402,-0.001402,-0.000954,0.000954,-0.002843,0.002843,0.001737,-0.001737,-0.002140,0.002140,0.001085,-0.001085,0.002547,-0.002547,-0.001320,0.001320,-0.000092,0.000092,0.001813,-0.001813,-0.000308,0.000308,0.002166,-0.002166,-0.004363,0.004363,-0.005936,0.005936,-0.004541,0.004541,-0.000244,0.000244,-0.006198,0.006198,-0.001161,0.001161,0.002715,-0.002715,-0.000982,0.000982,0.000135,-0.000135,0.005113,-0.005113,-0.000719,0.000719,-0.001153,0.001153,0.000186,-0.000186,0.000921,-0.000921,-0.000780,0.000780,-0.001161,0.001161,-0.002670,0.002670,-0.005373,0.005373,0.000018,-0.000018,0.000670,-0.000670,-0.000129,0.000129,0.000617,-0.000617,-0.011115,0.011115,0.001495,0.000000,0.000000,0.000000,-0.000000,-0.000000,-0.000000
-0.000991,0.026651,-0.026651,-0.003428,0.003428,0.003911,-0.003911,0.002915,-0.002915,0.000170,-0.000170,-0.000387,0.000387,0.001712,-0.001712,0.002112,-0.002112,0.006478,-0.006478,0.001475,-0.001475,0.003365,-0.003365,-0.003229,0.003229,-0.001348,0.001348,0.004932,-0.004932,0.016950,-0.016950,0.003079,-0.003079,-0.000166,0.000166,0.002368,-0.002368,-0.003333,0.003333,-0.006477,0.006477,-0.000100,0.000100,-0.002021,0.002021,0.004334,-0.004334,0.003147,-0.003147,0.008666,-0.008666,0.005774,-0.005774,-0.000310,0.000310,0.011125,-0.011125,0.005893,-0.005893,0.001149,-0.001149,-0.001656,0.001656,0.004868,-0.004868,0.008651,-0.008651,0.003122,-0.003122,-0.000273,0.000273,0.000016,-0.000016,-0.000443,0.000443,-0.000084,0.000084,0.000188,-0.000188,-0.000116,0.000116,-0.000028,0.000028,0.000294,-0.000294,0.000435,-0.000435,-0.000500,0.000500,-0.000256,0.000256,-0.000003,0.000003,-0.000001,0.000001,-0.000004,0.000004,-0.000011,0.000011,-0.000063,0.000063,-0.000107,0.000107,-0.000019,0.000019,0.000074,-0.000074,-0.000151,0.000151,0.000053,-0.000053,0.000174,-0.000174,-0.000004,0.000004,0.000065,-0.000065,-0.000708,0.000708,-0.000481,0.000481,0.064124,-0.064124,-0.015420,0.015420,0.001027,-0.001027,0.004020,-0.004020,0.002512,-0.002512,-0.000380,0.000380,-0.000920,0.000920,0.000489,-0.000489,0.000416,-0.000416,0.000005,-0.000005,-0.003718,0.003718,0.000303,-0.000303,0.000400,-0.000400,0.001813,-0.001813,-0.000198,0.000198,0.001072,-0.001072,-0.000238,0.000238,-0.000377,0.000377,-0.002818,0.002818,-0.000244,0.000244,-0.006198,0.006198,-0.001161,0.001161,0.002715,-0.002715,-0.000982,0.000982,0.000135,-0.000135,0.005113,-0.005113,-0.000719,0.000719,-0.001153,0.001153,0.000186,-0.000186,0.000921,-0.000921,-0.000780,0.000780,-0.001161,0.001161,-0.002670,0.002670,-0.005373,0.005373,0.000018,-0.000018,0.000670,-0.000670,-0.000129,0.000129,0.000617,-0.000617,-0.011115,0.011115,0.001495,0.000000,0.000000,0.000000,-0.000000,-0.000000,-0.000000
0.000000,0.000000,0.000000,0.000000,0.000000,0.000000,0.000000,0.000000,0.000000,0.000000,0.000000,0.000000,0.000000,0.000000,0.000000,0.000000,0.000000,0.000000,0.000000,0.000000,0.000000,0.000000,0.000000,0.000000,0.000000,0.000000,0.000000,0.000000,0.000000,-0.000000,0.000000,-0.000000,0.000000,-0.000000,0.000000,0.000000,-0.000000,-0.000002,0.000002,-0.000000,0.000000,0.000000,-0.000000,0.000000,-0.000000,-0.000004,0.000004,0.000000,-0.000000,-0.000000,0.000000,0.000000,-0.000000,0.000000,-0.000000,-0.000000,0.000000,-0.000000,0.000000,-0.000000,0.000000,0.000000,-0.000000,-0.000000,0.000000,0.000000,-0.000000,0.000000,-0.000000,0.000000,-0.000000,-0.000000,0.000000,-0.000000,0.000000,-0.000000,0.000000,0.000000,-0.000000,-0.000000,0.000000,-0.000002,0.000002,0.000000,-0.000000,-0.000001,0.000001,0.000000,-0.000000,-0.000000,0.000000,-0.000000,0.000000,0.000000,-0.000000,-0.000001,0.000001,0.000000,-0.000000,0.000001,-0.000001,0.000000,-0.000000,0.000000,-0.000000,0.000000,-0.000000,0.000000,-0.000000,-0.000000,0.000000,0.000000,-0.000000,-0.000002,0.000002,0.000008,-0.000008,-0.000000,0.000000,-0.000002,0.000002,-0.000000,0.000000,-0.000001,0.000001,0.000000,-0.000000,0.000000,-0.000000,-0.000000,0.000000,0.000000,-0.000000,-0.000000,0.000000,0.000004,-0.000004,0.000000,-0.000000,-0.000000,0.000000,0.000000,-0.000000,0.000004,-0.000004,0.000008,-0.000008,-0.000011,0.000011,-0.000000,0.000000,0.000000,-0.000000,-0.000124,0.000124,-0.000005,0.000005,-0.000134,0.000134,-0.000299,0.000299,-0.000001,0.000001,0.000001,-0.000001,0.000000,-0.000000,-0.000263,0.000263,0.000007,-0.000007,0.000000,-0.000000,-0.003698,0.003698,0.000696,-0.000696,-0.000072,0.000072,-0.000177,0.000177,0.000067,-0.000067,-0.000001,0.000001,-0.000000,0.000000,-0.000005,0.000005,-0.000001,0.000001,0.000012,-0.000012,-0.000001,0.000001,-0.000239,0.000239,-0.000035,0.000035,-0.000014,0.000000,0.000000,0.000000,-0.000000,0.000000,0.000000
-0.000000,-0.000000,0.000000,0.000039,-0.000039,0.000080,-0.000080,0.000056,-0.000056,0.000014,-0.000014,-0.000000,0.000000,0.000013,-0.000013,-0.000000,0.000000,-0.000000,0.000000,0.000000,-0.000000,-0.000000,0.000000,0.000000,-0.000000,-0.000042,0.000042,0.000000,-0.000000,-0.000001,0.000001,-0.000000,0.000000,0.000067,-0.000067,0.000090,-0.000090,-0.000061,0.000061,-0.000001,0.000001,0.000000,-0.000000,0.000217,-0.000217,-0.000006,0.000006,0.000000,0.000000,-0.000589,0.000589,-0.000006,0.000006,0.000585,-0.000585,0.000000,-0.000000,-0.000147,0.000147,0.000094,-0.000094,0.000030,-0.000030,0.000129,-0.000129,0.003382,-0.003382,-0.000140,0.000140,0.000114,-0.000114,0.000065,-0.000065,-0.000000,0.000000,0.000000,-0.000000,0.000001,-0.000001,-0.000000,0.000000,-0.000144,0.000144,0.000002,-0.000002,0.000056,-0.000056,-0.000377,0.000377,0.000025,-0.000025,0.000101,-0.000101,-0.000001,0.000001,0.000121,-0.000121,0.000065,-0.000065,-0.000080,0.000080,0.000089,-0.000089,-0.112581,0.112581,-0.000101,0.000101,0.000075,-0.000075,0.000013,-0.000013,-0.000101,0.000101,0.001419,-0.001419,-0.000009,0.000009,-0.000235,0.000235,-0.000064,0.000064,-0.000088,0.000088,0.000546,-0.000546,-0.000111,0.000111,0.000120,-0.000120,-0.000030,0.000030,-0.000157,0.000157,0.000300,-0.000300,-0.000044,0.000044,0.005583,-0.005583,-0.000608,0.000608,0.000075,-0.000075,0.000311,-0.000311,-0.000906,0.000906,0.007793,-0.007793,0.005889,-0.005889,0.001067,-0.001067,0.000523,-0.000523,0.000658,-0.000658,-0.000150,0.000150,-0.000357,0.000357,0.000230,-0.000230,0.000124,-0.000124,-0.011166,0.011166,-0.005483,0.005483,0.000000,0.000000,0.000000,0.000000,0.000000,0.000000,0.000000,0.000000,0.000000,0.000000,0.000000,0.000000,0.000000,0.000000,0.000000,0.000000,0.000000,0.000000,0.000000,0.000000,0.000000,0.000000,0.000000,0.000000,0.000000,0.000000,0.000000,0.000000,0.000000,0.000000,0.000000,0.000000,0.000000,0.000000,-0.000000,-0.000000,-0.000000
0.000000,0.000000,0.000000,0.000000,0.000000,0.000000,0.000000,0.000000,0.000000,0.000000,-0.000000,0.000000,-0.000000,-0.000000,0.000000,-0.000000,0.000000,-0.000001,0.000001,-0.000000,0.000000,0.000000,-0.000000,0.000000,-0.000000,-0.000002,0.000002,0.000000,-0.000000,-0.000000,0.000000,-0.000000,0.000000,-0.000000,0.000000,0.000000,-0.000000,-0.000002,0.000002,-0.000000,0.000000,-0.000001,0.000001,0.000000,-0.000000,-0.000004,0.000004,-0.000000,0.000000,-0.000000,0.000000,0.000000,-0.000000,0.000000,-0.000000,0.000000,-0.000000,-0.000000,0.000000,0.000000,-0.000000,0.000021,-0.000021,-0.000000,0.000000,0.000004,-0.000004,-0.000000,0.000000,0.000003,-0.000003,-0.000000,0.000000,0.000000,-0.000000,0.000014,-0.000014,-0.000001,0.000001,-0.000015,0.000015,-0.000002,0.000002,-0.000003,0.000003,-0.000001,0.000001,0.000000,-0.000000,-0.000000,0.000000,-0.000000,0.000000,0.000023,-0.000023,-0.000083,0.000083,0.000008,-0.000008,0.000001,-0.000001,0.000000,-0.000000,0.000008,-0.000008,-0.000000,0.000000,0.000000,-0.000000,0.000000,-0.000000,-0.000001,0.000001,-0.000002,0.000002,0.000001,-0.000001,-0.000000,0.000000,-0.000000,0.000000,-0.000000,0.000000,0.000004,-0.000004,0.000122,-0.000122,0.000095,-0.000095,0.000001,-0.000001,0.000001,-0.000001,0.000102,-0.000102,0.000003,-0.000003,-0.000445,0.000445,-0.000126,0.000126,-0.000007,0.000007,0.000756,-0.000756,0.000008,-0.000008,-0.000011,0.000011,0.000118,-0.000118,0.000039,-0.000039,0.001655,-0.001655,-0.004307,0.004307,-0.000066,0.000066,-0.000474,0.000474,0.000017,-0.000017,0.000002,-0.000002,0.000000,-0.000000,-0.000263,0.000263,0.000006,-0.000006,0.000043,-0.000043,-0.003700,0.003700,0.000666,-0.000666,0.000458,-0.000458,-0.000207,0.000207,-0.000037,0.000037,-0.000001,0.000001,-0.000097,0.000097,-0.000082,0.000082,0.000074,-0.000074,-0.000269,0.000269,0.100393,-0.100393,-0.000162,0.000162,-0.000101,0.000101,-0.000013,0.000000,0.000000,0.000000,-0.000000,0.000000,0.000000
0.001145,-0.028943,0.028943,0.003176,-0.003176,0.000531,-0.000531,-0.000267,0.000267,-0.000067,0.000067,-0.000046,0.000046,-0.000588,0.000588,0.000048,-0.000048,0.000114,-0.000114,-0.000002,0.000002,-0.000469,0.000469,0.000205,-0.000205,-0.000038,0.000038,0.005679,-0.005679,-0.000497,0.000497,0.000320,-0.000320,0.000164,-0.000164,-0.001148,0.001148,0.003599,-0.003599,0.006417,-0.006417,-0.000376,0.000376,0.001544,-0.001544,0.000561,-0.000561,-0.000881,0.000881,-0.008666,0.008666,-0.005774,0.005774,0.000310,-0.000310,-0.011125,0.011125,-0.005893,0.005893,-0.001149,0.001149,0.001656,-0.001656,-0.004868,0.004868,-0.008651,0.008651,-0.003122,0.003122,0.000273,-0.000273,-0.000016,0.000016,0.000443,-0.000443,0.000084,-0.000084,-0.000188,0.000188,0.000087,-0.000087,0.000028,-0.000028,-0.000294,0.000294,-0.000435,0.000435,0.000500,-0.000500,0.000285,-0.000285,-0.000000,0.000000,0.000000,-0.000000,0.000001,-0.000001,0.000011,-0.000011,0.000063,-0.000063,0.000107,-0.000107,0.000019,-0.000019,-0.000072,0.000072,0.000153,-0.000153,-0.000046,0.000046,-0.000052,0.000052,0.000001,-0.000001,-0.000065,0.000065,0.000729,-0.000729,0.000480,-0.000480,-0.064125,0.064125,0.015189,-0.015189,-0.001221,0.001221,-0.000029,0.000029,-0.000008,0.000008,0.000391,-0.000391,0.000921,-0.000921,-0.000489,0.000489,-0.000433,0.000433,0.000008,-0.000008,0.003735,-0.003735,-0.000304,0.000304,-0.000400,0.000400,-0.001809,0.001809,0.000199,-0.000199,-0.001071,0.001071,0.000238,-0.000238,0.000345,-0.000345,0.003302,-0.003302,0.000234,-0.000234,0.002542,-0.002542,-0.001586,0.001586,-0.002551,0.002551,0.000911,-0.000911,-0.000142,0.000142,-0.005113,0.005113,0.000502,-0.000502,0.001042,-0.001042,-0.000626,0.000626,-0.000847,0.000847,-0.000389,0.000389,0.001149,-0.001149,0.002771,-0.002771,0.005921,-0.005921,-0.000016,0.000016,-0.000003,0.000003,0.000064,-0.000064,-0.000005,0.000005,-0.000002,0.000002,0.000042,0.000000,0.000000,0.000000,0.000000,0.000000,0.000000
0.000338,-0.000001,0.000001,-0.000000,0.000000,-0.000001,0.000001,-0.000006,0.000006,-0.000060,0.000060,-0.000002,0.000002,-0.000012,0.000012,0.000003,-0.000003,-0.000001,0.000001,0.000059,-0.000059,-0.000094,0.000094,0.000028,-0.000028,0.000159,-0.000159,-0.000854,0.000854,0.000002,-0.000002,-0.036576,0.036576,0.003759,-0.003759,0.001044,-0.001044,0.000028,-0.000028,-0.000006,0.000006,0.000276,-0.000276,0.001675,-0.001675,-0.000432,0.000432,-0.000561,0.000561,0.000031,-0.000031,-0.003762,0.003762,-0.000000,0.000000,0.000475,-0.000475,0.002022,-0.002022,-0.000163,0.000163,0.001020,-0.001020,0.000164,-0.000164,0.000632,-0.000632,-0.007314,0.007314,0.001042,-0.001042,0.001101,-0.001101,0.000293,-0.000293,-0.000435,0.000435,0.001312,-0.001312,0.005614,-0.005614,0.000462,-0.000462,0.000836,-0.000836,0.000266,-0.000266,0.000448,-0.000448,0.000084,-0.000084,-0.001374,0.001374,0.004478,-0.004478,0.007303,-0.007303,0.002245,-0.002245,0.001587,-0.001587,-0.050537,0.050537,-0.000308,0.000308,-0.000325,0.000325,0.000044,-0.000044,-0.000213,0.000213,0.000805,-0.000805,-0.002899,0.002899,-0.000342,0.000342,0.000072,-0.000072,-0.000021,0.000021,0.003711,-0.003711,0.000356,-0.000356,-0.000295,0.000295,-0.002288,0.002288,0.000350,-0.000350,-0.000453,0.000453,-0.000551,0.000551,-0.000180,0.000180,0.002583,-0.002583,0.000364,-0.000364,-0.001503,0.001503,-0.000730,0.000730,0.000052,-0.000052,0.001044,-0.001044,-0.007325,0.007325,-0.003175,0.003175,-0.000903,0.000903,0.000855,-0.000855,-0.008111,0.008111,-0.005161,0.005161,0.002577,-0.002577,-0.004710,0.004710,-0.007533,0.007533,-0.002334,0.002334,0.000242,-0.000242,-0.000168,0.000168,0.002133,-0.002133,0.005447,-0.005447,-0.001387,0.001387,0.000177,-0.000177,-0.000067,0.000067,0.000001,-0.000001,0.000000,-0.000000,0.000005,-0.000005,0.000001,-0.000001,-0.000012,0.000012,0.000001,-0.000001,0.000239,-0.000239,0.000035,-0.000035,0.000014,0.000000,0.000000,0.000000,0.000000,-0.000000,-0.000000
-0.000000,-0.000000,0.000000,-0.000000,0.000000,-0.000000,0.000000,-0.000000,0.000000,-0.000000,0.000000,-0.000000,0.000000,0.000000,-0.000000,0.000002,-0.000002,-0.000000,0.000000,0.000006,-0.000006,-0.000094,0.000094,0.000028,-0.000028,0.000085,-0.000085,0.000019,-0.000019,0.000002,-0.000002,-0.000050,0.000050,-0.000003,0.000003,0.000000,-0.000000,-0.000006,0.000006,-0.000000,0.000000,0.000002,-0.000002,-0.000000,0.000000,-0.000007,0.000007,0.000003,-0.000003,0.000000,-0.000000,0.000001,-0.000001,-0.000000,0.000000,0.000110,-0.000110,-0.000001,0.000001,-0.000000,0.000000,0.000004,-0.000004,0.000010,-0.000010,-0.000171,0.000171,-0.000187,0.000187,-0.000116,0.000116,0.000001,-0.000001,0.000002,-0.000002,0.000002,-0.000002,-0.000020,0.000020,0.000055,-0.000055,0.000001,-0.000001,0.000027,-0.000027,-0.000011,0.000011,0.000248,-0.000248,-0.000607,0.000607,-0.000000,0.000000,0.000089,-0.000089,-0.000099,0.000099,-0.000153,0.000153,0.001587,-0.001587,-0.050537,0.050537,-0.000308,0.000308,-0.000325,0.000325,0.000044,-0.000044,-0.000213,0.000213,0.000806,-0.000806,-0.002899,0.002899,-0.000342,0.000342,0.000072,-0.000072,-0.000021,0.000021,0.003711,-0.003711,0.000356,-0.000356,-0.000295,0.000295,-0.002288,0.002288,0.000350,-0.000350,-0.000453,0.000453,-0.000551,0.000551,-0.000180,0.000180,0.002583,-0.002583,0.000364,-0.000364,-0.001502,0.001502,-0.000730,0.000730,0.000056,-0.000056,0.001044,-0.001044,-0.007322,0.007322,-0.003175,0.003175,-0.000901,0.000901,0.000855,-0.000855,-0.008096,0.008096,-0.005163,0.005163,0.002536,-0.002536,-0.004710,0.004710,-0.007533,0.007533,-0.002334,0.002334,0.000242,-0.000242,-0.000168,0.000168,0.002133,-0.002133,0.005454,-0.005454,-0.001389,0.001389,0.000178,-0.000178,-0.000059,0.000059,-0.000000,0.000000,-0.000025,0.000025,0.000005,-0.000005,0.000001,-0.000001,-0.000012,0.000012,0.000065,-0.000065,0.000266,-0.000266,-0.000532,0.000532,-0.000324,0.000000,0.000000,0.000000,0.000000,-0.000000,-0.000000
0.000991,-0.026651,0.026651,0.003428,-0.003428,-0.003911,0.003911,-0.002915,0.002915,-0.000170,0.000170,0.000387,-0.000387,-0.001712,0.001712,-0.002112,0.002112,-0.006478,0.006478,-0.001475,0.001475,-0.003365,0.003365,0.003229,-0.003229,0.001348,-0.001348,-0.005464,0.005464,-0.016518,0.016518,-0.003079,0.003079,0.000130,-0.000130,-0.002449,0.002449,0.003333,-0.003333,0.006477,-0.006477,0.000100,-0.000100,0.002021,-0.002021,-0.004334,0.004334,-0.003147,0.003147,-0.008666,0.008666,-0.005774,0.005774,0.000310,-0.000310,-0.011125,0.011125,-0.005893,0.005893,-0.001149,0.001149,0.001656,-0.001656,-0.004868,0.004868,-0.008651,0.008651,-0.003122,0.003122,0.000273,-0.000273,-0.000016,0.000016,0.000443,-0.000443,0.000083,-0.000083,-0.000188,0.000188,0.000116,-0.000116,0.000028,-0.000028,-0.000294,0.000294,-0.000435,0.000435,0.000500,-0.000500,0.000256,-0.000256,0.000003,-0.000003,0.000001,-0.000001,0.000004,-0.000004,0.000011,-0.000011,0.000063,-0.000063,0.000107,-0.000107,0.000019,-0.000019,-0.000074,0.000074,0.000151,-0.000151,-0.000053,0.000053,-0.000174,0.000174,0.000004,-0.000004,-0.000065,0.000065,0.000708,-0.000708,0.000477,-0.000477,-0.064124,0.064124,0.015420,-0.015420,-0.001027,0.001027,-0.004020,0.004020,-0.002511,0.002511,0.000379,-0.000379,0.000914,-0.000914,-0.000488,0.000488,-0.000419,0.000419,-0.000005,0.000005,0.003718,-0.003718,-0.000286,0.000286,-0.000408,0.000408,-0.002119,0.002119,-0.000281,0.000281,-0.001076,0.001076,0.000373,-0.000373,0.000377,-0.000377,0.002655,-0.002655,0.000289,-0.000289,0.006212,-0.006212,-0.001078,0.001078,-0.006352,0.006352,0.001152,-0.001152,-0.000284,0.000284,-0.005127,0.005127,0.000719,-0.000719,0.001153,-0.001153,-0.000180,0.000180,-0.000920,0.000920,0.000846,-0.000846,0.001162,-0.001162,0.002797,-0.002797,0.005279,-0.005279,-0.000000,0.000000,-0.000623,0.000623,0.000129,-0.000129,-0.000594,0.000594,0.011148,-0.011148,-0.001481,0.000000,0.000000,0.000000,0.000000,0.000000,0.000000
-0.001539,0.000705,-0.000705,0.001318,-0.001318,-0.000896,0.000896,0.001044,-0.001044,0.000421,-0.000421,-0.004507,0.004507,0.001395,-0.001395,0.000453,-0.000453,0.000017,-0.000017,0.000322,-0.000322,-0.001246,0.001246,0.004178,-0.004178,0.006435,-0.006435,0.002140,-0.002140,-0.000002,0.000002,-0.000050,0.000050,-0.000003,0.000003,0.000001,-0.000001,-0.000006,0.000006,0.000001,-0.000001,0.000001,-0.000001,-0.000005,0.000005,-0.000019,0.000019,0.000003,-0.000003,0.000000,-0.000000,0.000001,-0.000001,0.000096,-0.000096,0.000105,-0.000105,-0.000180,0.000180,-0.000362,0.000362,-0.000001,0.000001,-0.000198,0.000198,-0.000171,0.000171,-0.000721,0.000721,-0.000141,0.000141,-0.000007,0.000007,0.005564,-0.005564,0.000003,-0.000003,0.000001,-0.000001,0.000279,-0.000279,-0.000062,0.000062,0.000029,-0.000029,-0.000005,0.000005,0.000253,-0.000253,-0.000593,0.000593,0.000087,-0.000087,0.000078,-0.000078,-0.000239,0.000239,-0.000207,0.000207,0.001555,-0.001555,-0.050588,0.050588,0.000201,-0.000201,-0.000135,0.000135,-0.004383,0.004383,-0.002979,0.002979,0.000941,-0.000941,-0.020477,0.020477,-0.000363,0.000363,0.000125,-0.000125,-0.000028,0.000028,0.003752,-0.003752,0.000023,-0.000023,-0.000317,0.000317,-0.002250,0.002250,0.000400,-0.000400,-0.000404,0.000404,0.000206,-0.000206,-0.000348,0.000348,0.003300,-0.003300,0.000226,-0.000226,-0.060983,0.060983,0.005075,-0.005075,-0.000397,0.000397,0.018039,-0.018039,-0.012189,0.012189,-0.004073,0.004073,0.003353,-0.003353,-0.000558,0.000558,-0.003861,0.003861,-0.006284,0.006284,0.000737,-0.000737,-0.003825,0.003825,-0.007171,0.007171,-0.003116,0.003116,0.000223,-0.000223,-0.000394,0.000394,0.001961,-0.001961,-0.003073,0.003073,0.001593,-0.001593,0.001320,-0.001320,0.011057,-0.011057,0.007099,-0.007099,-0.001737,0.001737,0.008585,-0.008585,0.012218,-0.012218,0.001317,-0.001317,-0.000764,0.000764,0.001753,-0.001753,-0.000158,0.000158,-0.000558,0.000000,0.000000,0.000000,-0.000000,-0.000000,0.000000
-0.001525,0.000685,-0.000685,-0.028447,0.028447,-0.000922,0.000922,0.001089,-0.001089,0.000429,-0.000429,-0.004469,0.004469,0.001134,-0.001134,0.000423,-0.000423,0.000050,-0.000050,0.000357,-0.000357,-0.001303,0.001303,0.004425,-0.004425,0.006400,-0.006400,0.002585,-0.002585,-0.000064,0.000064,-0.000315,0.000315,0.000246,-0.000246,-0.000669,0.000669,0.020844,-0.020844,-0.002467,0.002467,-0.000696,0.000696,0.001026,-0.001026,-0.000947,0.000947,0.005101,-0.005101,-0.000869,0.000869,-0.001617,0.001617,0.000533,-0.000533,0.000409,-0.000409,-0.000208,0.000208,-0.000307,0.000307,0.000310,-0.000310,0.000266,-0.000266,-0.010246,0.010246,-0.005064,0.005064,-0.000138,0.000138,-0.000002,0.000002,0.000002,-0.000002,0.000003,-0.000003,-0.000020,0.000020,0.000055,-0.000055,0.000001,-0.000001,0.000028,-0.000028,-0.000005,0.000005,0.000258,-0.000258,-0.000593,0.000593,0.000100,-0.000100,0.000079,-0.000079,-0.000099,0.000099,-0.000129,0.000129,0.001564,-0.001564,-0.050537,0.050537,0.000200,-0.000200,-0.000142,0.000142,-0.004398,0.004398,-0.002971,0.002971,0.000803,-0.000803,-0.002900,0.002900,-0.000341,0.000341,0.000085,-0.000085,-0.000030,0.000030,0.003703,-0.003703,0.000365,-0.000365,-0.000293,0.000293,-0.002289,0.002289,0.000373,-0.000373,-0.000355,0.000355,-0.000562,0.000562,-0.000184,0.000184,0.001748,-0.001748,0.000231,-0.000231,-0.060640,0.060640,0.004639,-0.004639,0.000314,-0.000314,-0.002759,0.002759,-0.009630,0.009630,-0.003531,0.003531,0.002279,-0.002279,0.000441,-0.000441,-0.008891,0.008891,-0.005162,0.005162,0.002641,-0.002641,-0.004437,0.004437,-0.007547,0.007547,-0.002877,0.002877,0.000549,-0.000549,-0.000682,0.000682,0.001713,-0.001713,0.006979,-0.006979,0.006433,-0.006433,0.001320,-0.001320,0.011057,-0.011057,0.007099,-0.007099,-0.001737,0.001737,0.008585,-0.008585,0.012218,-0.012218,0.001317,-0.001317,-0.000764,0.000764,0.001753,-0.001753,-0.000158,0.000158,-0.000558,0.000000,0.000000,0.000000,0.000000,0.000000,0.000000
0.000231,0.000049,-0.000049,0.000113,-0.000113,-0.000876,0.000876,0.008255,-0.008255,0.007297,-0.007297,0.001918,-0.001918,0.000455,-0.000455,0.000547,-0.000547,0.000260,-0.000260,-0.000362,0.000362,0.000156,-0.000156,0.000119,-0.000119,-0.011386,0.011386,-0.005507,0.005507,0.000066,-0.000066,0.000227,-0.000227,0.105890,-0.105890,-0.001076,0.001076,-0.000063,0.000063,-0.000020,0.000020,0.000107,-0.000107,-0.001596,0.001596,0.000037,-0.000037,0.000417,-0.000417,0.000243,-0.000243,0.000208,-0.000208,-0.000554,0.000554,0.000136,-0.000136,-0.000099,0.000099,-0.000029,0.000029,0.000164,-0.000164,-0.000128,0.000128,0.000194,-0.000194,-0.005592,0.005592,0.000747,-0.000747,-0.000184,0.000184,-0.000118,0.000118,-0.000752,0.000752,-0.001139,0.001139,-0.000440,0.000440,-0.060813,0.060813,-0.000439,0.000439,-0.000380,0.000380,0.000171,-0.000171,0.000314,-0.000314,-0.001262,0.001262,-0.002883,0.002883,-0.000076,0.000076,0.000280,-0.000280,0.000018,-0.000018,-0.003220,0.003220,-0.000464,0.000464,0.000254,-0.000254,0.000583,-0.000583,-0.000348,0.000348,0.000559,-0.000559,0.000885,-0.000885,0.000278,-0.000278,-0.002993,0.002993,-0.000114,0.000114,-0.002498,0.002498,0.000040,-0.000040,0.000437,-0.000437,-0.007890,0.007890,-0.003955,0.003955,0.003882,-0.003882,-0.000792,0.000792,-0.001378,0.001378,-0.000662,0.000662,0.000428,-0.000428,0.000091,-0.000091,0.000612,-0.000612,-0.002136,0.002136,-0.000624,0.000624,-0.000012,0.000012,0.000137,-0.000137,0.000040,-0.000040,0.000100,-0.000100,0.000212,-0.000212,0.000112,-0.000112,0.000563,-0.000563,0.046611,-0.046611,-0.000052,0.000052,-0.000111,0.000111,0.001318,-0.001318,-0.052388,0.052388,0.003275,-0.003275,-0.000467,0.000467,-0.000572,0.000572,-0.000127,0.000127,0.000866,-0.000866,-0.002592,0.002592,-0.000032,0.000032,0.000092,-0.000092,-0.000024,0.000024,0.003104,-0.003104,0.000522,-0.000522,-0.000174,0.000174,0.000372,-0.000372,0.000180,0.000000,0.000000,0.000000,-0.000000,-0.000000,0.000000
-0.000106,-0.000642,0.000642,-0.000670,0.000670,-0.001070,0.001070,0.011098,-0.011098,0.007499,-0.007499,0.000598,-0.000598,0.000444,-0.000444,0.000659,-0.000659,-0.001082,0.001082,-0.007613,0.007613,-0.003822,0.003822,-0.000224,0.000224,-0.011452,0.011452,-0.005862,0.005862,-0.000740,0.000740,0.001751,-0.001751,0.099765,-0.099765,-0.007637,0.007637,-0.002357,0.002357,-0.000020,0.000020,0.000107,-0.000107,-0.001586,0.001586,0.000042,-0.000042,0.000256,-0.000256,0.000141,-0.000141,0.000181,-0.000181,-0.000554,0.000554,0.000137,-0.000137,-0.000093,0.000093,0.000030,-0.000030,0.000163,-0.000163,-0.000159,0.000159,0.000197,-0.000197,-0.005593,0.005593,0.000666,-0.000666,-0.000184,0.000184,-0.000118,0.000118,-0.000845,0.000845,-0.001116,0.001116,0.000575,-0.000575,-0.000099,0.000099,-0.000688,0.000688,-0.000882,0.000882,0.000186,-0.000186,0.000297,-0.000297,0.000010,-0.000010,-0.002970,0.002970,-0.000773,0.000773,-0.000535,0.000535,-0.000000,0.000000,-0.000001,0.000001,-0.000247,0.000247,-0.000001,0.000001,-0.001230,0.001230,-0.000073,0.000073,0.000008,-0.000008,-0.000514,0.000514,0.000000,-0.000000,0.000237,-0.000237,-0.000083,0.000083,-0.000025,0.000025,-0.000829,0.000829,-0.002012,0.002012,0.000046,-0.000046,-0.000148,0.000148,-0.000014,0.000014,-0.000000,0.000000,0.000016,-0.000016,-0.000006,0.000006,-0.000001,0.000001,-0.000131,0.000131,-0.001991,0.001991,0.001654,-0.001654,0.000196,-0.000196,-0.000000,0.000000,0.000138,-0.000138,-0.000001,0.000001,0.000104,-0.000104,0.000209,-0.000209,0.000069,-0.000069,0.000590,-0.000590,0.046611,-0.046611,0.000026,-0.000026,-0.000013,0.000013,0.000009,-0.000009,-0.000203,0.000203,0.003364,-0.003364,-0.000115,0.000115,-0.000583,0.000583,-0.000125,0.000125,-0.000108,0.000108,0.000047,-0.000047,0.000013,-0.000013,0.000092,-0.000092,-0.000004,0.000004,-0.000064,0.000064,0.000083,-0.000083,0.000074,-0.000074,0.002521,-0.002521,-0.000169,0.000000,0.000000,0.000000,0.000000,-0.000000,-0.000000
0.000237,0.000049,-0.000049,0.000129,-0.000129,-0.000876,0.000876,0.008234,-0.008234,0.007299,-0.007299,0.001970,-0.001970,0.000455,-0.000455,0.000547,-0.000547,0.000260,-0.000260,-0.000362,0.000362,0.000156,-0.000156,0.000119,-0.000119,-0.011396,0.011396,-0.005505,0.005505,0.000066,-0.000066,0.000226,-0.000226,0.105890,-0.105890,-0.001057,0.001057,-0.000063,0.000063,-0.000020,0.000020,0.000107,-0.000107,-0.001586,0.001586,0.000042,-0.000042,0.000255,-0.000255,0.000141,-0.000141,0.000207,-0.000207,-0.000554,0.000554,0.000137,-0.000137,-0.000093,0.000093,0.000030,-0.000030,0.000163,-0.000163,-0.000159,0.000159,0.000197,-0.000197,-0.005593,0.005593,0.000666,-0.000666,-0.000184,0.000184,-0.000118,0.000118,-0.000845,0.000845,-0.001116,0.001116,0.000575,-0.000575,-0.000096,0.000096,-0.000688,0.000688,-0.000890,0.000890,0.000186,-0.000186,0.000306,-0.000306,0.000010,-0.000010,-0.002976,0.002976,-0.000773,0.000773,-0.000505,0.000505,-0.000002,0.000002,-0.000084,0.000084,-0.000248,0.000248,-0.000001,0.000001,-0.001230,0.001230,-0.000073,0.000073,0.000008,-0.000008,-0.000514,0.000514,0.000005,-0.000005,0.000228,-0.000228,-0.000083,0.000083,-0.000022,0.000022,-0.000829,0.000829,-0.002075,0.002075,0.000046,-0.000046,-0.000148,0.000148,-0.000014,0.000014,0.000079,-0.000079,0.000033,-0.000033,-0.000563,0.000563,-0.000337,0.000337,-0.000131,0.000131,-0.000000,0.000000,0.000109,-0.000109,0.000247,-0.000247,-0.000012,0.000012,0.000137,-0.000137,0.000040,-0.000040,0.000100,-0.000100,0.000212,-0.000212,0.000112,-0.000112,0.000563,-0.000563,0.046611,-0.046611,-0.000052,0.000052,-0.000111,0.000111,0.001318,-0.001318,-0.052388,0.052388,0.003275,-0.003275,-0.000467,0.000467,-0.000572,0.000572,-0.000127,0.000127,0.000866,-0.000866,-0.002592,0.002592,-0.000032,0.000032,0.000092,-0.000092,-0.000024,0.000024,0.003104,-0.003104,0.000522,-0.000522,-0.000174,0.000174,0.000372,-0.000372,0.000180,0.000000,0.000000,0.000000,-0.000000,-0.000000,-0.000000
0.000000,-0.000000,0.000000,-0.000000,0.000000,-0.000000,0.000000,0.000000,-0.000000,-0.000000,0.000000,0.000000,-0.000000,0.000000,-0.000000,0.000000,-0.000000,0.000000,-0.000000,0.000000,-0.000000,-0.000000,0.000000,0.000000,-0.000000,-0.000000,0.000000,0.000000,-0.000000,0.000000,-0.000000,-0.000000,0.000000,0.000000,-0.000000,0.000000,-0.000000,-0.000000,0.000000,-0.000000,0.000000,0.000000,-0.000000,-0.000000,0.000000,0.000000,-0.000000,-0.000000,0.000000,-0.000000,0.000000,-0.000000,0.000000,0.000000,-0.000000,0.000000,-0.000000,0.000000,-0.000000,0.000000,-0.000000,-0.000000,0.000000,0.000000,-0.000000,-0.000000,0.000000,0.000000,-0.000000,0.000000,-0.000000,0.000000,-0.000000,0.000000,-0.000000,-0.000000,0.000000,0.000000,-0.000000,-0.000000,0.000000,-0.000000,0.000000,0.000000,-0.000000,-0.000000,0.000000,0.000000,-0.000000,0.000000,-0.000000,-0.000000,0.000000,0.000000,-0.000000,0.000000,-0.000000,0.000000,-0.000000,0.000000,-0.000000,-0.000000,0.000000,0.000000,-0.000000,-0.000000,0.000000,-0.000000,0.000000,-0.000000,0.000000,-0.000000,0.000000,0.000000,-0.000000,-0.000000,0.000000,0.000000,-0.000000,-0.000000,0.000000,0.000000,-0.000000,0.000000,-0.000000,0.000000,-0.000000,0.000000,-0.000000,-0.000000,0.000000,-0.000000,0.000000,0.000000,-0.000000,0.000000,-0.000000,-0.000000,0.000000,-0.000000,0.000000,-0.000000,0.000000,0.000000,-0.000000,0.000000,-0.000000,-0.000000,0.000000,-0.000000,0.000000,-0.000000,0.000000,-0.000000,0.000000,-0.000000,0.000000,-0.000000,0.000000,-0.000000,0.000000,0.000000,-0.000000,0.000000,-0.000000,-0.000000,0.000000,-0.000000,0.000000,-0.000000,0.000000,0.000000,-0.000000,0.000000,-0.000000,-0.000000,0.000000,-0.000000,0.000000,0.000000,-0.000000,-0.000000,0.000000,-0.000000,0.000000,0.000000,-0.000000,-0.000000,0.000000,-0.000000,0.000000,-0.000000,0.000000,-0.000000,0.000000,-0.000000,0.000000,0.000000,-0.000000,-0.000000,0.000000,0.000000,0.000000,0.000000,0.000000,-0.000000
-0.000000,0.000000,-0.000000,0.000000,-0.000000,0.000000,-0.000000,0.000000,-0.000000,0.000000,-0.000000,0.000000,-0.000000,0.000000,-0.000000,0.000000,-0.000000,0.000000,-0.000000,0.000000,-0.000000,-0.000000,0.000000,0.000000,-0.000000,-0.000000,0.000000,0.000000,-0.000000,0.000000,-0.000000,-0.000000,0.000000,0.000000,-0.000000,0.000000,-0.000000,-0.000000,0.000000,-0.000000,0.000000,0.000000,-0.000000,-0.000000,0.000000,0.000000,-0.000000,-0.000000,0.000000,0.000000,-0.000000,-0.000000,0.000000,0.000000,-0.000000,0.000000,-0.000000,0.000000,-0.000000,-0.000000,0.000000,-0.000000,0.000000,0.000000,-0.000000,-0.000000,0.000000,0.000000,-0.000000,0.000000,-0.000000,0.000000,-0.000000,0.000000,-0.000000,0.000000,-0.000000,-0.000000,0.000000,0.000000,-0.000000,0.000000,-0.000000,-0.000000,0.000000,-0.000000,0.000000,-0.000000,0.000000,0.000000,-0.000000,0.000000,-0.000000,-0.000000,0.000000,0.000000,-0.000000,-0.000000,0.000000,-0.000000,0.000000,-0.000000,0.000000,-0.000000,0.000000,0.000000,-0.000000,0.000000,-0.000000,-0.000000,0.000000,-0.000000,0.000000,0.000000,-0.000000,-0.000000,0.000000,-0.000000,0.000000,0.000000,-0.000000,0.000000,-0.000000,0.000000,-0.000000,0.000000,-0.000000,0.000000,-0.000000,-0.000000,0.000000,0.000000,-0.000000,0.000000,-0.000000,-0.000000,0.000000,-0.000000,0.000000,-0.000000,0.000000,-0.000000,0.000000,-0.000000,0.000000,0.000000,-0.000000,-0.000000,0.000000,-0.000000,0.000000,-0.000000,0.000000,-0.000000,0.000000,-0.000000,0.000000,0.000000,-0.000000,0.000000,-0.000000,-0.000000,0.000000,0.000000,-0.000000,0.000000,-0.000000,-0.000000,0.000000,0.000000,-0.000000,-0.000000,0.000000,-0.000000,0.000000,0.000000,-0.000000,0.000000,-0.000000,-0.000000,0.000000,0.000000,-0.000000,0.000000,-0.000000,-0.000000,0.000000,0.000000,-0.000000,0.000000,-0.000000,0.000000,-0.000000,0.000000,-0.000000,-0.000000,0.000000,0.000000,-0.000000,0.000000,0.000000,0.000000,0.000000,0.000000,0.000000,-0.000000
-0.000000,0.000000,-0.000000,0.000000,-0.000000,0.000000,-0.000000,0.000000,-0.000000,0.000000,-0.000000,0.000000,-0.000000,0.000000,-0.000000,0.000000,-0.000000,0.000000,-0.000000,0.000000,-0.000000,-0.000000,0.000000,0.000000,-0.000000,-0.000000,0.000000,0.000000,-0.000000,0.000000,-0.000000,-0.000000,0.000000,0.000000,-0.000000,0.000000,-0.000000,-0.000000,0.000000,-0.000000,0.000000,0.000000,-0.000000,-0.000000,0.000000,0.000000,-0.000000,-0.000000,0.000000,0.000000,-0.000000,-0.000000,0.000000,0.000000,-0.000000,0.000000,-0.000000,0.000000,-0.000000,-0.000000,0.000000,-0.000000,0.000000,0.000000,-0.000000,-0.000000,0.000000,0.000000,-0.000000,0.000000,-0.000000,0.000000,-0.000000,0.000000,-0.000000,0.000000,-0.000000,-0.000000,0.000000,0.000000,-0.000000,0.000000,-0.000000,-0.000000,0.000000,-0.000000,0.000000,-0.000000,0.000000,0.000000,-0.000000,0.000000,-0.000000,-0.000000,0.000000,0.000000,-0.000000,-0.000000,0.000000,-0.000000,0.000000,-0.000000,0.000000,-0.000000,0.000000,0.000000,-0.000000,0.000000,-0.000000,-0.000000,0.000000,-0.000000,0.000000,0.000000,-0.000000,-0.000000,0.000000,-0.000000,0.000000,0.000000,-0.000000,0.000000,-0.000000,0.000000,-0.000000,0.000000,-0.000000,0.000000,-0.000000,-0.000000,0.000000,0.000000,-0.000000,0.000000,-0.000000,-0.000000,0.000000,-0.000000,0.000000,-0.000000,0.000000,-0.000000,0.000000,-0.000000,0.000000,0.000000,-0.000000,-0.000000,0.000000,-0.000000,0.000000,-0.000000,0.000000,-0.000000,0.000000,-0.000000,0.000000,0.000000,-0.000000,0.000000,-0.000000,-0.000000,0.000000,0.000000,-0.000000,0.000000,-0.000000,-0.000000,0.000000,0.000000,-0.000000,-0.000000,0.000000,-0.000000,0.000000,0.000000,-0.000000,0.000000,-0.000000,-0.000000,0.000000,0.000000,-0.000000,0.000000,-0.000000,-0.000000,0.000000,0.000000,-0.000000,0.000000,-0.000000,0.000000,-0.000000,0.000000,-0.000000,-0.000000,0.000000,0.000000,-0.000000,0.000000,0.000000,0.000000,0.000000,0.000000,0.000000,-0.000000
-0.000211,0.000027,-0.000027,0.000035,-0.000035,0.000020,-0.000020,-0.000007,0.000007,-0.000023,0.000023,0.000003,-0.000003,-0.000093,0.000093,0.000044,-0.000044,-0.000250,0.000250,0.000000,-0.000000,0.000000,-0.000000,0.000115,-0.000115,-0.000106,0.000106,-0.000009,0.000009,-0.000009,0.000009,0.000002,-0.000002,-0.000000,0.000000,-0.000001,0.000001,-0.000000,0.000000,-0.000000,0.000000,0.000003,-0.000003,-0.000000,0.000000,-0.000010,0.000010,0.000002,-0.000002,-0.000001,0.000001,-0.000003,0.000003,0.000000,-0.000000,0.000003,-0.000003,-0.000001,0.000001,-0.000004,0.000004,-0.000000,0.000000,-0.005668,0.005668,-0.000005,0.000005,0.000004,-0.000004,0.000000,-0.000000,-0.000002,0.000002,0.000018,-0.000018,-0.000001,0.000001,-0.000003,0.000003,-0.000000,0.000000,-0.000004,0.000004,0.000005,-0.000005,0.000000,-0.000000,0.000019,-0.000019,-0.000001,0.000001,-0.000008,0.000008,0.000007,-0.000007,-0.000020,0.000020,0.000648,-0.000648,-0.000074,0.000074,-0.000020,0.000020,0.000031,-0.000031,-0.000036,0.000036,0.000228,-0.000228,0.000045,-0.000045,-0.000030,0.000030,0.000020,-0.000020,0.000015,-0.000015,-0.000007,0.000007,-0.000011,0.000011,0.000011,-0.000011,0.000008,-0.000008,-0.000400,0.000400,-0.000195,0.000195,0.000000,-0.000000,0.000000,-0.000000,-0.000000,0.000000,-0.000000,0.000000,-0.000000,0.000000,0.000000,-0.000000,-0.000000,0.000000,0.000000,-0.000000,-0.000000,0.000000,-0.000000,0.000000,-0.000000,0.000000,0.000000,-0.000000,-0.000000,0.000000,0.000000,-0.000000,0.000000,-0.000000,0.000000,-0.000000,-0.000000,0.000000,-0.000000,0.000000,0.000000,-0.000000,0.000000,-0.000000,0.000000,-0.000000,-0.000000,0.000000,-0.000000,0.000000,0.000000,-0.000000,0.000000,-0.000000,-0.000000,0.000000,-0.000000,0.000000,0.000000,-0.000000,-0.000000,0.000000,0.000000,-0.000000,0.000000,-0.000000,0.000000,-0.000000,-0.000002,0.000002,-0.000005,0.000005,-0.000001,0.000001,-0.000001,0.000000,0.000000,0.000000,0.000000,-0.000000,-0.000000
-0.000034,0.000004,-0.000004,0.000006,-0.000006,0.000003,-0.000003,-0.000001,0.000001,-0.000004,0.000004,0.000001,-0.000001,-0.000014,0.000014,0.000006,-0.000006,-0.000039,0.000039,0.000000,-0.000000,-0.000000,0.000000,0.000020,-0.000020,-0.000017,0.000017,-0.000001,0.000001,-0.000001,0.000001,0.000000,-0.000000,0.000000,-0.000000,-0.000000,0.000000,-0.000000,0.000000,-0.000000,0.000000,0.000001,-0.000001,-0.000000,0.000000,-0.000001,0.000001,0.000000,-0.000000,-0.000000,0.000000,-0.000000,0.000000,0.000000,-0.000000,0.000000,-0.000000,-0.000000,0.000000,-0.000001,0.000001,-0.000000,0.000000,-0.000900,0.000900,-0.000001,0.000001,0.000001,-0.000001,0.000000,-0.000000,-0.000000,0.000000,0.000003,-0.000003,-0.000000,0.000000,-0.000001,0.000001,-0.000000,0.000000,-0.000001,0.000001,0.000001,-0.000001,-0.000000,0.000000,0.000003,-0.000003,-0.000000,0.000000,-0.000001,0.000001,0.000001,-0.000001,-0.000003,0.000003,0.000103,-0.000103,-0.000012,0.000012,-0.000003,0.000003,0.000005,-0.000005,-0.000006,0.000006,0.000036,-0.000036,0.000007,-0.000007,-0.000005,0.000005,0.000003,-0.000003,0.000002,-0.000002,-0.000001,0.000001,-0.000002,0.000002,0.000002,-0.000002,0.000001,-0.000001,-0.000064,0.000064,-0.000031,0.000031,0.000000,-0.000000,0.000000,-0.000000,0.000000,-0.000000,-0.000000,0.000000,-0.000000,0.000000,0.000000,-0.000000,-0.000000,0.000000,0.000000,-0.000000,0.000000,-0.000000,-0.000000,0.000000,-0.000000,0.000000,-0.000000,0.000000,-0.000000,0.000000,-0.000000,0.000000,0.000000,-0.000000,0.000000,-0.000000,-0.000000,0.000000,0.000000,-0.000000,0.000000,-0.000000,-0.000000,0.000000,0.000000,-0.000000,0.000000,-0.000000,-0.000000,0.000000,-0.000000,0.000000,0.000000,-0.000000,-0.000000,0.000000,0.000000,-0.000000,-0.000000,0.000000,0.000000,-0.000000,0.000000,-0.000000,-0.000000,0.000000,-0.000000,0.000000,0.000000,-0.000000,-0.000001,0.000001,-0.000001,0.000001,-0.000000,0.000000,0.000000,0.000000,-0.000000,0.000000,-0.000000
-0.000025,0.000003,-0.000003,0.000004,-0.000004,0.000002,-0.000002,-0.000001,0.000001,-0.000003,0.000003,0.000000,-0.000000,-0.000011,0.000011,0.000005,-0.000005,-0.000030,0.000030,0.000000,-0.000000,-0.000000,0.000000,0.000015,-0.000015,-0.000013,0.000013,-0.000001,0.000001,-0.000001,0.000001,0.000000,-0.000000,-0.000000,0.000000,0.000000,-0.000000,-0.000000,0.000000,-0.000000,0.000000,0.000001,-0.000001,-0.000000,0.000000,-0.000001,0.000001,0.000000,-0.000000,-0.000000,0.000000,-0.000000,0.000000,0.000000,-0.000000,0.000000,-0.000000,0.000000,-0.000000,-0.000000,0.000000,0.000000,-0.000000,-0.000683,0.000683,-0.000001,0.000001,0.000001,-0.000001,0.000000,-0.000000,-0.000000,0.000000,0.000002,-0.000002,-0.000000,0.000000,-0.000001,0.000001,-0.000000,0.000000,-0.000000,0.000000,0.000001,-0.000001,0.000000,-0.000000,0.000002,-0.000002,-0.000000,0.000000,-0.000001,0.000001,0.000001,-0.000001,-0.000003,0.000003,0.000078,-0.000078,-0.000009,0.000009,-0.000002,0.000002,0.000003,-0.000003,-0.000004,0.000004,0.000031,-0.000031,0.000005,-0.000005,-0.000004,0.000004,0.000002,-0.000002,0.000002,-0.000002,-0.000001,0.000001,-0.000001,0.000001,0.000001,-0.000001,0.000003,-0.000003,-0.000048,0.000048,-0.000029,0.000029,-0.000000,0.000000,0.000000,-0.000000,0.000000,-0.000000,-0.000000,0.000000,-0.000000,0.000000,0.000000,-0.000000,-0.000000,0.000000,0.000000,-0.000000,0.000000,-0.000000,-0.000000,0.000000,-0.000000,0.000000,-0.000000,0.000000,-0.000000,0.000000,-0.000000,0.000000,0.000000,-0.000000,0.000000,-0.000000,-0.000000,0.000000,0.000000,-0.000000,0.000000,-0.000000,-0.000000,0.000000,0.000000,-0.000000,0.000000,-0.000000,0.000000,-0.000000,-0.000000,0.000000,0.000000,-0.000000,-0.000000,0.000000,0.000000,-0.000000,-0.000000,0.000000,0.000000,-0.000000,0.000000,-0.000000,0.000000,-0.000000,-0.000000,0.000000,0.000000,-0.000000,-0.000001,0.000001,-0.000001,0.000001,-0.000000,0.000000,0.000000,0.000000,-0.000000,-0.000000,0.000000
0.000030,0.000012,-0.000012,-0.000008,0.000008,-0.000098,0.000098,0.000001,-0.000001,-0.000238,0.000238,0.000673,-0.000673,0.000058,-0.000058,0.000005,-0.000005,0.000142,-0.000142,0.000051,-0.000051,0.000104,-0.000104,0.000288,-0.000288,-0.000057,0.000057,-0.000002,0.000002,0.000001,-0.000001,0.000057,-0.000057,0.000129,-0.000129,0.000307,-0.000307,0.000041,-0.000041,0.000006,-0.000006,-0.000061,0.000061,-0.000258,0.000258,0.000044,-0.000044,0.000116,-0.000116,0.000029,-0.000029,-0.000062,0.000062,-0.000022,0.000022,0.000074,-0.000074,-0.000006,0.000006,0.000051,-0.000051,0.000164,-0.000164,-0.000030,0.000030,-0.000040,0.000040,-0.000090,0.000090,-0.000077,0.000077,-0.000075,0.000075,0.000056,-0.000056,-0.000021,0.000021,0.000275,-0.000275,-0.000030,0.000030,-0.000001,0.000001,0.000078,-0.000078,0.000014,-0.000014,0.000106,-0.000106,-0.000063,0.000063,-0.000050,0.000050,-0.000032,0.000032,-0.000067,0.000067,0.000005,-0.000005,-0.000005,0.000005,-0.000003,0.000003,0.000041,-0.000041,0.000024,-0.000024,0.000010,-0.000010,0.000000,-0.000000,-0.000081,0.000081,0.000041,-0.000041,-0.000002,0.000002,0.000004,-0.000004,0.000005,-0.000005,0.000003,-0.000003,0.000001,-0.000001,-0.000006,0.000006,0.000000,-0.000000,0.000001,-0.000001,-0.000004,0.000004,0.000916,-0.000916,0.000014,-0.000014,-0.000010,0.000010,-0.000001,0.000001,-0.000046,0.000046,-0.000002,0.000002,-0.000057,0.000057,-0.000407,0.000407,-0.000113,0.000113,0.000064,-0.000064,0.000555,-0.000555,0.000059,-0.000059,-0.000690,0.000690,-0.000896,0.000896,0.000040,-0.000040,-0.000043,0.000043,-0.000002,0.000002,-0.000140,0.000140,0.000016,-0.000016,-0.000074,0.000074,-0.000089,0.000089,-0.000276,0.000276,-0.000184,0.000184,-0.000105,0.000105,0.000397,-0.000397,0.000001,-0.000001,-0.000175,0.000175,0.000383,-0.000383,-0.000208,0.000208,0.000504,-0.000504,-0.000045,0.000045,-0.000027,0.000027,0.000907,-0.000907,0.000983,0.000000,0.000000,0.000000,0.000000,-0.000000,-0.000000
0.000000,0.000000,-0.000000,-0.000000,0.000000,-0.000000,0.000000,-0.000003,0.000003,-0.000002,0.000002,0.000007,-0.000007,0.000001,-0.000001,-0.000003,0.000003,0.000030,-0.000030,0.000029,-0.000029,0.000009,-0.000009,0.000004,-0.000004,0.000002,-0.000002,-0.000000,0.000000,-0.000001,0.000001,0.000001,-0.000001,0.000002,-0.000002,-0.000037,0.000037,-0.000019,0.000019,0.000000,-0.000000,-0.000003,0.000003,-0.000003,0.000003,0.000001,-0.000001,0.000001,-0.000001,0.000000,-0.000000,-0.000001,0.000001,-0.000000,0.000000,0.000001,-0.000001,-0.000001,0.000001,0.000000,-0.000000,0.000002,-0.000002,-0.000000,0.000000,-0.000000,0.000000,-0.000001,0.000001,-0.000001,0.000001,-0.000001,0.000001,0.000001,-0.000001,-0.000006,0.000006,0.000003,-0.000003,0.000000,-0.000000,-0.000000,0.000000,0.000001,-0.000001,0.000000,-0.000000,0.000001,-0.000001,-0.000001,0.000001,-0.000001,0.000001,-0.000000,0.000000,-0.000002,0.000002,0.000000,-0.000000,-0.000000,0.000000,-0.000000,0.000000,0.000002,-0.000002,0.000001,-0.000001,-0.000003,0.000003,-0.000000,0.000000,-0.000001,0.000001,0.000007,-0.000007,-0.000000,0.000000,0.000016,-0.000016,-0.000002,0.000002,-0.000000,0.000000,0.000007,-0.000007,0.000000,-0.000000,-0.000002,0.000002,0.000001,-0.000001,0.000000,-0.000000,-0.000023,0.000023,0.000034,-0.000034,-0.000002,0.000002,-0.000000,0.000000,-0.000000,0.000000,-0.000000,0.000000,-0.000001,0.000001,-0.000004,0.000004,-0.000001,0.000001,-0.000001,0.000001,0.000006,-0.000006,0.000001,-0.000001,-0.000010,0.000010,-0.000009,0.000009,0.000002,-0.000002,-0.000000,0.000000,0.000001,-0.000001,-0.000000,0.000000,-0.000000,0.000000,0.000002,-0.000002,-0.000261,0.000261,-0.000003,0.000003,-0.000002,0.000002,-0.000001,0.000001,0.000003,-0.000003,0.000008,-0.000008,-0.000002,0.000002,0.000002,-0.000002,-0.000002,0.000002,0.000004,-0.000004,-0.000005,0.000005,0.000001,-0.000001,0.000010,-0.000010,0.000010,0.000000,0.000000,0.000000,-0.000000,-0.000000,-0.000000
-0.000000,0.000000,-0.000000,-0.000001,0.000001,0.000008,-0.000008,-0.000033,0.000033,0.000008,-0.000008,0.000012,-0.000012,0.000000,-0.000000,-0.000035,0.000035,0.000357,-0.000357,0.000353,-0.000353,0.000098,-0.000098,0.000020,-0.000020,0.000028,-0.000028,-0.000004,0.000004,-0.000014,0.000014,0.000010,-0.000010,0.000004,-0.000004,-0.000493,0.000493,-0.000244,0.000244,0.000000,-0.000000,-0.000001,0.000001,-0.000002,0.000002,0.000000,-0.000000,0.000001,-0.000001,0.000000,-0.000000,-0.000001,0.000001,-0.000004,0.000004,0.000006,-0.000006,-0.000002,0.000002,0.000000,-0.000000,0.000001,-0.000001,-0.000000,0.000000,-0.000000,0.000000,-0.000001,0.000001,-0.000001,0.000001,-0.000001,0.000001,0.000001,-0.000001,-0.000001,0.000001,0.000002,-0.000002,-0.000000,0.000000,-0.000000,0.000000,0.000001,-0.000001,0.000000,-0.000000,0.000001,-0.000001,-0.000001,0.000001,-0.000000,0.000000,-0.000000,0.000000,-0.000001,0.000001,0.000000,-0.000000,-0.000000,0.000000,-0.000000,0.000000,0.000001,-0.000001,0.000000,-0.000000,-0.000000,0.000000,-0.000000,0.000000,-0.000001,0.000001,0.000001,-0.000001,-0.000000,0.000000,0.000002,-0.000002,-0.000000,0.000000,0.000000,-0.000000,0.000001,-0.000001,0.000000,-0.000000,-0.000000,0.000000,0.000000,-0.000000,0.000000,-0.000000,0.000004,-0.000004,0.000004,-0.000004,-0.000000,0.000000,-0.000000,0.000000,-0.000000,0.000000,-0.000000,0.000000,-0.000001,0.000001,-0.000003,0.000003,-0.000001,0.000001,0.000003,-0.000003,0.000005,-0.000005,-0.000003,0.000003,-0.000006,0.000006,-0.000007,0.000007,0.000000,-0.000000,-0.000000,0.000000,0.000001,-0.000001,-0.000001,0.000001,0.000001,-0.000001,-0.000000,0.000000,-0.000027,0.000027,-0.000002,0.000002,-0.000002,0.000002,-0.000001,0.000001,0.000003,-0.000003,-0.000001,0.000001,-0.000009,0.000009,0.000001,-0.000001,-0.000001,0.000001,0.000004,-0.000004,-0.000001,0.000001,-0.000000,0.000000,0.000008,-0.000008,0.000008,0.000000,0.000000,0.000000,-0.000000,0.000000,0.000000
0.000000,0.000000,-0.000000,-0.000000,0.000000,-0.000081,0.000081,0.000000,-0.000000,0.000000,-0.000000,0.000000,-0.000000,0.000002,-0.000002,0.000000,-0.000000,-0.000004,0.000004,-0.000026,0.000026,-0.000004,0.000004,0.000000,-0.000000,0.000051,-0.000051,-0.000081,0.000081,0.004656,-0.004656,0.000000,-0.000000,-0.000094,0.000094,0.000000,-0.000000,0.000000,-0.000000,-0.000015,0.000015,0.000000,-0.000000,-0.000001,0.000001,0.000007,-0.000007,-0.000293,0.000293,0.001667,-0.001667,0.000564,-0.000564,0.001209,-0.001209,-0.000000,0.000000,-0.000538,0.000538,0.000016,-0.000016,-0.002372,0.002372,-0.000555,0.000555,0.000000,-0.000000,0.000533,-0.000533,-0.000012,0.000012,0.000428,-0.000428,0.000561,-0.000561,-0.000040,0.000040,-0.000209,0.000209,0.000163,-0.000163,0.000110,-0.000110,-0.000883,0.000883,-0.000295,0.000295,0.002646,-0.002646,-0.000155,0.000155,0.000670,-0.000670,-0.000498,0.000498,0.000788,-0.000788,-0.008732,0.008732,-0.005356,0.005356,0.001107,-0.001107,-0.000106,0.000106,0.000173,-0.000173,-0.000381,0.000381,-0.000000,0.000000,-0.000219,0.000219,-0.001571,0.001571,0.006196,-0.006196,-0.001462,0.001462,-0.000000,0.000000,0.000000,-0.000000,0.000000,-0.000000,-0.000000,0.000000,0.000000,-0.000000,0.000000,-0.000000,0.000000,-0.000000,-0.000000,0.000000,0.000000,-0.000000,0.000000,-0.000000,0.000000,-0.000000,0.000000,-0.000000,-0.000000,0.000000,0.000000,-0.000000,-0.000000,0.000000,-0.000000,0.000000,0.000000,-0.000000,-0.000000,0.000000,0.000000,-0.000000,-0.000000,0.000000,0.000000,-0.000000,0.000001,-0.000001,-0.000000,0.000000,0.000000,-0.000000,0.000001,-0.000001,0.000001,-0.000001,0.000001,-0.000001,0.000000,-0.000000,0.000000,-0.000000,-0.000000,0.000000,-0.000000,0.000000,-0.000000,0.000000,0.000001,-0.000001,0.000000,-0.000000,0.000000,-0.000000,-0.000000,0.000000,0.000000,-0.000000,0.000000,-0.000000,0.000000,-0.000000,-0.000000,0.000000,0.000000,0.000000,0.000000,0.000000,0.000000,0.000000,-0.000000
0.000042,-0.000019,0.000019,0.000016,-0.000016,-0.000027,0.000027,0.000309,-0.000309,0.000438,-0.000438,0.000091,-0.000091,0.000036,-0.000036,-0.000018,0.000018,0.000998,-0.000998,-0.000037,0.000037,-0.000004,0.000004,0.000208,-0.000208,-0.000238,0.000238,0.003210,-0.003210,0.002752,-0.002752,0.000675,-0.000675,0.000183,-0.000183,0.000251,-0.000251,-0.000066,0.000066,-0.000126,0.000126,0.000968,-0.000968,0.000040,-0.000040,-0.004227,0.004227,-0.002067,0.002067,-0.000000,0.000000,0.000005,-0.000005,0.000005,-0.000005,-0.000005,0.000005,-0.000002,0.000002,0.000002,-0.000002,0.000001,-0.000001,-0.000007,0.000007,-0.000003,0.000003,-0.000473,0.000473,-0.000001,0.000001,0.000007,-0.000007,0.000119,-0.000119,-0.000004,0.000004,-0.000081,0.000081,-0.000051,0.000051,0.000010,-0.000010,-0.000014,0.000014,-0.000000,0.000000,-0.000015,0.000015,-0.000002,0.000002,0.000045,-0.000045,-0.000015,0.000015,0.000037,-0.000037,-0.000013,0.000013,0.000002,-0.000002,-0.000031,0.000031,0.000001,-0.000001,0.000024,-0.000024,-0.000003,0.000003,-0.000001,0.000001,-0.000002,0.000002,-0.000000,0.000000,-0.000032,0.000032,-0.000131,0.000131,-0.000002,0.000002,0.000001,-0.000001,0.000036,-0.000036,0.000008,-0.000008,-0.000223,0.000223,-0.000131,0.000131,0.000010,-0.000010,-0.000049,0.000049,0.000057,-0.000057,0.000022,-0.000022,-0.000018,0.000018,0.000000,-0.000000,0.000011,-0.000011,-0.000058,0.000058,-0.000003,0.000003,0.000020,-0.000020,0.000014,-0.000014,0.000001,-0.000001,-0.000007,0.000007,-0.000380,0.000380,0.000597,-0.000597,-0.028785,0.028785,0.000999,-0.000999,0.000538,-0.000538,-0.000006,0.000006,-0.000002,0.000002,0.000184,-0.000184,-0.000756,0.000756,0.000047,-0.000047,-0.000074,0.000074,-0.000009,0.000009,0.000694,-0.000694,0.000242,-0.000242,-0.000036,0.000036,-0.000649,0.000649,0.000116,-0.000116,-0.000069,0.000069,-0.000404,0.000404,-0.000496,0.000496,0.000416,-0.000416,-0.000283,0.000000,0.000000,0.000000,0.000000,0.000000,0.000000
0.000270,-0.000562,0.000562,0.000222,-0.000222,0.000617,-0.000617,-0.005291,0.005291,-0.007710,0.007710,-0.002200,0.002200,-0.000065,0.000065,0.000024,-0.000024,-0.000331,0.000331,-0.000513,0.000513,0.000834,-0.000834,-0.003596,0.003596,-0.001402,0.001402,-0.002126,0.002126,0.000254,-0.000254,0.000063,-0.000063,0.000024,-0.000024,0.000024,-0.000024,-0.000008,0.000008,-0.000011,0.000011,0.000070,-0.000070,0.000000,-0.000000,-0.000373,0.000373,-0.000177,0.000177,-0.000000,0.000000,0.000003,-0.000003,0.000004,-0.000004,-0.000001,0.000001,-0.000001,0.000001,0.000002,-0.000002,0.000001,-0.000001,-0.000006,0.000006,-0.000002,0.000002,-0.000025,0.000025,-0.000001,0.000001,0.000005,-0.000005,0.000094,-0.000094,0.000006,-0.000006,-0.000064,0.000064,-0.000037,0.000037,0.000008,-0.000008,0.000004,-0.000004,0.000001,-0.000001,-0.000003,0.000003,0.000000,-0.000000,-0.000004,0.000004,-0.000011,0.000011,0.000044,-0.000044,-0.000010,0.000010,0.000001,-0.000001,0.000610,-0.000610,0.000001,-0.000001,-0.000001,0.000001,0.000002,-0.000002,-0.000000,0.000000,-0.000001,0.000001,-0.000000,0.000000,0.000002,-0.000002,-0.000010,0.000010,0.000000,-0.000000,0.000001,-0.000001,-0.000001,0.000001,0.000161,-0.000161,0.000012,-0.000012,0.000007,-0.000007,0.000001,-0.000001,0.000989,-0.000989,-0.001226,0.001226,0.000001,-0.000001,0.000001,-0.000001,0.000000,-0.000000,0.000001,-0.000001,-0.000005,0.000005,-0.000100,0.000100,-0.000007,0.000007,0.000006,-0.000006,0.000000,-0.000000,0.000000,-0.000000,0.000020,-0.000020,-0.000029,0.000029,0.001512,-0.001512,-0.000055,0.000055,-0.000026,0.000026,-0.000001,0.000001,0.000000,-0.000000,-0.000010,0.000010,0.000068,-0.000068,-0.000003,0.000003,0.000004,-0.000004,-0.000000,0.000000,-0.000029,0.000029,0.000040,-0.000040,-0.000009,0.000009,0.000035,-0.000035,-0.000006,0.000006,0.000004,-0.000004,0.000171,-0.000171,0.000016,-0.000016,-0.000026,0.000026,0.000025,0.000000,0.000000,0.000000,-0.000000,-0.000000,0.000000
0.000036,0.000567,-0.000567,0.000017,-0.000017,-0.000111,0.000111,-0.000156,0.000156,-0.000110,0.000110,-0.000003,0.000003,0.000005,-0.000005,-0.000048,0.000048,-0.000392,0.000392,-0.000112,0.000112,-0.000262,0.000262,-0.000015,0.000015,0.000072,-0.000072,-0.000021,0.000021,-0.000188,0.000188,-0.000047,0.000047,0.000234,-0.000234,-0.000102,0.000102,0.000058,-0.000058,0.000210,-0.000210,0.000060,-0.000060,0.000014,-0.000014,0.000022,-0.000022,-0.000245,0.000245,0.000095,-0.000095,0.000403,-0.000403,-0.000011,0.000011,-0.000017,0.000017,0.000013,-0.000013,-0.000524,0.000524,0.000028,-0.000028,0.000050,-0.000050,0.000075,-0.000075,-0.000046,0.000046,-0.000007,0.000007,-0.000049,0.000049,-0.013551,0.013551,-0.000041,0.000041,0.000205,-0.000205,-0.000085,0.000085,-0.000078,0.000078,-0.000435,0.000435,0.000204,-0.000204,0.000114,-0.000114,-0.000003,0.000003,-0.000076,0.000076,0.000058,-0.000058,-0.000134,0.000134,-0.000255,0.000255,-0.000142,0.000142,-0.000064,0.000064,-0.001064,0.001064,-0.000069,0.000069,0.000516,-0.000516,0.000505,-0.000505,0.000096,-0.000096,0.000040,-0.000040,-0.000132,0.000132,0.000074,-0.000074,-0.000101,0.000101,-0.000023,0.000023,-0.000026,0.000026,-0.000769,0.000769,-0.000703,0.000703,-0.000517,0.000517,0.000121,-0.000121,-0.000262,0.000262,-0.000130,0.000130,0.000856,-0.000856,-0.000170,0.000170,-0.000193,0.000193,-0.000135,0.000135,0.001425,-0.001425,-0.000308,0.000308,-0.001188,0.001188,-0.000071,0.000071,-0.000202,0.000202,-0.000411,0.000411,0.000064,-0.000064,0.000253,-0.000253,-0.000314,0.000314,0.000106,-0.000106,0.011075,-0.011075,0.005859,-0.005859,0.000016,-0.000016,0.000004,-0.000004,-0.000003,0.000003,-0.000121,0.000121,-0.000019,0.000019,-0.000003,0.000003,-0.000012,0.000012,-0.006867,0.006867,-0.000013,0.000013,-0.000147,0.000147,-0.000018,0.000018,0.000033,-0.000033,-0.000308,0.000308,0.000106,-0.000106,0.000030,-0.000030,0.000011,0.000000,0.000000,0.000000,0.000000,0.000000,-0.000000
-0.000009,0.000001,-0.000001,0.006618,-0.006618,-0.000102,0.000102,0.000024,-0.000024,0.000016,-0.000016,-0.000031,0.000031,0.000225,-0.000225,-0.000006,0.000006,0.000034,-0.000034,-0.000016,0.000016,-0.000002,0.000002,0.000131,-0.000131,0.000094,-0.000094,-0.000430,0.000430,-0.000398,0.000398,-0.000107,0.000107,-0.001130,0.001130,0.000022,-0.000022,0.000122,-0.000122,0.000017,-0.000017,-0.000006,0.000006,-0.003299,0.003299,0.000075,-0.000075,0.000306,-0.000306,0.000030,-0.000030,0.000161,-0.000161,0.000049,-0.000049,0.000040,-0.000040,0.000032,-0.000032,0.000000,-0.000000,0.000005,-0.000005,0.003814,-0.003814,0.000033,-0.000033,0.000130,-0.000130,-0.000000,0.000000,-0.000013,0.000013,0.000133,-0.000133,-0.000031,0.000031,0.000659,-0.000659,0.000319,-0.000319,0.000066,-0.000066,-0.000006,0.000006,0.000052,-0.000052,0.000343,-0.000343,0.000194,-0.000194,0.000094,-0.000094,0.000025,-0.000025,-0.000563,0.000563,-0.000566,0.000566,0.000011,-0.000011,-0.000019,0.000019,-0.000021,0.000021,-0.000065,0.000065,-0.000231,0.000231,-0.000085,0.000085,-0.000062,0.000062,0.003461,-0.003461,-0.000050,0.000050,-0.000000,0.000000,0.000007,-0.000007,-0.000017,0.000017,0.000246,-0.000246,-0.000219,0.000219,0.000163,-0.000163,-0.000019,0.000019,-0.000167,0.000167,0.000077,-0.000077,-0.000021,0.000021,0.000002,-0.000002,0.000002,-0.000002,-0.000010,0.000010,-0.000237,0.000237,0.000014,-0.000014,0.000128,-0.000128,0.000067,-0.000067,-0.000016,0.000016,0.000070,-0.000070,-0.000034,0.000034,0.000321,-0.000321,0.000291,-0.000291,0.000056,-0.000056,-0.000006,0.000006,0.000006,-0.000006,-0.000003,0.000003,0.000047,-0.000047,0.000001,-0.000001,-0.000030,0.000030,-0.000425,0.000425,-0.000176,0.000176,-0.000097,0.000097,0.000034,-0.000034,0.000538,-0.000538,0.000031,-0.000031,0.000074,-0.000074,0.000055,-0.000055,0.000030,-0.000030,-0.000078,0.000078,0.000042,-0.000042,-0.000053,0.000053,-0.000010,0.000000,0.000000,0.000000,0.000000,0.000000,-0.000000
-0.000042,0.000067,-0.000067,0.052009,-0.052009,-0.000063,0.000063,-0.000031,0.000031,0.000020,-0.000020,-0.000172,0.000172,0.001715,-0.001715,-0.000002,0.000002,-0.000281,0.000281,-0.000064,0.000064,-0.000100,0.000100,0.000116,-0.000116,0.000098,-0.000098,-0.000020,0.000020,-0.000036,0.000036,-0.000047,0.000047,-0.000088,0.000088,-0.000014,0.000014,0.001078,-0.001078,-0.000091,0.000091,0.000075,-0.000075,-0.003606,0.003606,0.000349,-0.000349,0.000568,-0.000568,0.000258,-0.000258,0.000325,-0.000325,0.000257,-0.000257,0.000327,-0.000327,-0.000015,0.000015,-0.000097,0.000097,-0.000010,0.000010,0.004824,-0.004824,0.000194,-0.000194,0.000160,-0.000160,0.000002,-0.000002,-0.000000,0.000000,0.000133,-0.000133,0.000153,-0.000153,0.000283,-0.000283,0.000014,-0.000014,0.000016,-0.000016,-0.000031,0.000031,0.000030,-0.000030,0.000334,-0.000334,0.000219,-0.000219,0.000083,-0.000083,0.000062,-0.000062,0.000349,-0.000349,-0.000286,0.000286,0.000021,-0.000021,-0.000001,0.000001,-0.000084,0.000084,0.000004,-0.000004,-0.000455,0.000455,-0.000203,0.000203,-0.000031,0.000031,0.003481,-0.003481,-0.000006,0.000006,0.000005,-0.000005,0.000013,-0.000013,-0.000011,0.000011,0.000164,-0.000164,-0.000035,0.000035,0.000134,-0.000134,-0.000005,0.000005,-0.000304,0.000304,0.000105,-0.000105,-0.000007,0.000007,0.000005,-0.000005,0.000000,-0.000000,0.000009,-0.000009,-0.000015,0.000015,0.000007,-0.000007,0.000140,-0.000140,0.000012,-0.000012,-0.000027,0.000027,-0.000060,0.000060,-0.000049,0.000049,0.000388,-0.000388,0.000336,-0.000336,0.000060,-0.000060,0.000050,-0.000050,-0.000056,0.000056,0.000237,-0.000237,-0.000089,0.000089,0.000005,-0.000005,-0.000033,0.000033,-0.000330,0.000330,-0.000498,0.000498,-0.000352,0.000352,0.000054,-0.000054,0.000163,-0.000163,-0.000048,0.000048,0.000059,-0.000059,0.000105,-0.000105,-0.000006,0.000006,-0.000278,0.000278,-0.000049,0.000049,-0.000421,0.000421,-0.000086,0.000000,0.000000,0.000000,0.000000,0.000000,-0.000000
-0.000021,0.000008,-0.000008,0.004188,-0.004188,-0.001245,0.001245,0.000241,-0.000241,0.000079,-0.000079,-0.000034,0.000034,0.000248,-0.000248,-0.000009,0.000009,0.000019,-0.000019,0.000045,-0.000045,-0.000013,0.000013,-0.001653,0.001653,-0.001749,0.001749,0.000086,-0.000086,-0.000178,0.000178,0.000004,-0.000004,-0.000098,0.000098,0.000011,-0.000011,0.000095,-0.000095,-0.000035,0.000035,-0.000073,0.000073,-0.043914,0.043914,-0.000067,0.000067,0.000279,-0.000279,0.000026,-0.000026,0.000001,-0.000001,0.000223,-0.000223,0.000048,-0.000048,0.000398,-0.000398,0.000057,-0.000057,-0.000147,0.000147,-0.058462,0.058462,-0.000150,0.000150,0.000005,-0.000005,0.000014,-0.000014,-0.000102,0.000102,0.001974,-0.001974,-0.000125,0.000125,0.003146,-0.003146,-0.000309,0.000309,0.000002,-0.000002,0.000908,-0.000908,-0.000121,0.000121,0.003991,-0.003991,0.002610,-0.002610,0.000689,-0.000689,0.000516,-0.000516,0.000004,-0.000004,0.004443,-0.004443,-0.000707,0.000707,0.000089,-0.000089,-0.000338,0.000338,0.000211,-0.000211,0.003540,-0.003540,0.003580,-0.003580,0.001235,-0.001235,0.042294,-0.042294,0.000249,-0.000249,-0.000093,0.000093,-0.000212,0.000212,-0.000068,0.000068,0.000843,-0.000843,0.000260,-0.000260,-0.002843,0.002843,-0.000065,0.000065,-0.000290,0.000290,0.000112,-0.000112,-0.000001,0.000001,0.000044,-0.000044,-0.000002,0.000002,-0.000016,0.000016,0.000023,-0.000023,0.000047,-0.000047,0.001154,-0.001154,-0.000059,0.000059,0.000017,-0.000017,0.000004,-0.000004,-0.000379,0.000379,0.003609,-0.003609,0.003186,-0.003186,0.000763,-0.000763,0.000223,-0.000223,0.000222,-0.000222,0.000141,-0.000141,-0.000211,0.000211,0.000096,-0.000096,-0.000390,0.000390,-0.004768,0.004768,-0.002604,0.002604,-0.000274,0.000274,0.000042,-0.000042,0.001113,-0.001113,-0.000087,0.000087,-0.000036,0.000036,0.000010,-0.000010,-0.000003,0.000003,0.001242,-0.001242,-0.000044,0.000044,-0.000218,0.000218,-0.000079,0.000000,0.000000,0.000000,-0.000000,-0.000000,-0.000000
-0.000020,-0.000062,0.000062,-0.000020,0.000020,0.000092,-0.000092,-0.000761,0.000761,-0.000659,0.000659,-0.000169,0.000169,-0.000046,0.000046,-0.000154,0.000154,0.000039,-0.000039,0.000043,-0.000043,0.000033,-0.000033,-0.000044,0.000044,0.001027,-0.001027,0.000510,-0.000510,0.000006,-0.000006,0.000005,-0.000005,0.000008,-0.000008,-0.000231,0.000231,-0.000015,0.000015,-0.000023,0.000023,0.000028,-0.000028,0.000005,-0.000005,-0.000010,0.000010,0.000034,-0.000034,-0.000048,0.000048,-0.000062,0.000062,-0.000005,0.000005,0.000018,-0.000018,0.000002,-0.000002,0.005793,-0.005793,0.000004,-0.000004,-0.000091,0.000091,-0.000005,0.000005,-0.000017,0.000017,-0.000033,0.000033,0.000002,-0.000002,-0.000001,0.000001,0.000035,-0.000035,0.000079,-0.000079,0.002058,-0.002058,-0.000249,0.000249,-0.000649,0.000649,0.000127,-0.000127,0.000279,-0.000279,-0.000015,0.000015,0.001223,-0.001223,0.000354,-0.000354,0.000027,-0.000027,-0.000506,0.000506,0.001575,-0.001575,0.000151,-0.000151,0.000666,-0.000666,0.000011,-0.000011,-0.000236,0.000236,-0.000218,0.000218,-0.002217,0.002217,0.000276,-0.000276,0.000187,-0.000187,-0.002061,0.002061,0.000149,-0.000149,-0.000237,0.000237,0.001075,-0.001075,-0.000773,0.000773,0.008158,-0.008158,0.005261,-0.005261,-0.000979,0.000979,-0.000775,0.000775,-0.000450,0.000450,0.002990,-0.002990,-0.000234,0.000234,0.000869,-0.000869,0.000881,-0.000881,-0.005358,0.005358,-0.007245,0.007245,-0.005306,0.005306,0.001102,-0.001102,-0.000102,0.000102,0.000184,-0.000184,-0.000382,0.000382,0.000016,-0.000016,-0.000217,0.000217,-0.001557,0.001557,0.006167,-0.006167,-0.001622,0.001622,-0.000002,0.000002,-0.000023,0.000023,0.000004,-0.000004,0.000035,-0.000035,0.000021,-0.000021,0.000007,-0.000007,-0.000004,0.000004,0.000010,-0.000010,0.000001,-0.000001,0.000000,-0.000000,0.000000,-0.000000,-0.000003,0.000003,0.000001,-0.000001,-0.000005,0.000005,-0.000000,0.000000,0.000000,0.000000,0.000000,0.000000,-0.000000,-0.000000,-0.000000
-0.000013,-0.000038,0.000038,-0.000011,0.000011,0.000061,-0.000061,-0.000495,0.000495,-0.000432,0.000432,-0.000101,0.000101,-0.001077,0.001077,-0.000106,0.000106,0.000027,-0.000027,0.000028,-0.000028,0.000018,-0.000018,0.000060,-0.000060,0.000683,-0.000683,0.000323,-0.000323,0.000001,-0.000001,0.000013,-0.000013,0.000080,-0.000080,-0.000033,0.000033,0.000007,-0.000007,-0.000029,0.000029,0.000009,-0.000009,0.000039,-0.000039,-0.000189,0.000189,0.001222,-0.001222,-0.000285,0.000285,-0.000269,0.000269,-0.000113,0.000113,0.000097,-0.000097,-0.009637,0.009637,-0.009328,0.009328,-0.003124,0.003124,-0.000302,0.000302,-0.000494,0.000494,0.000039,-0.000039,0.000303,-0.000303,-0.000399,0.000399,-0.000053,0.000053,0.011708,-0.011708,0.005803,-0.005803,-0.000007,0.000007,0.000010,-0.000010,0.000003,-0.000003,-0.000018,0.000018,-0.000010,0.000010,0.000002,-0.000002,-0.000007,0.000007,-0.000007,0.000007,0.000007,-0.000007,0.000041,-0.000041,0.000007,-0.000007,0.000117,-0.000117,-0.000005,0.000005,-0.000388,0.000388,-0.000066,0.000066,-0.000037,0.000037,-0.000042,0.000042,0.000004,-0.000004,-0.000016,0.000016,-0.000043,0.000043,0.000001,-0.000001,0.000005,-0.000005,-0.000013,0.000013,0.000037,-0.000037,-0.000010,0.000010,0.000003,-0.000003,-0.000002,0.000002,0.000000,-0.000000,0.000057,-0.000057,-0.000415,0.000415,0.000003,-0.000003,-0.000000,0.000000,-0.000002,0.000002,0.000833,-0.000833,-0.000010,0.000010,-0.000002,0.000002,-0.000000,0.000000,-0.000001,0.000001,0.000030,-0.000030,-0.000009,0.000009,0.000009,-0.000009,-0.000000,0.000000,-0.000001,0.000001,0.000158,-0.000158,0.001088,-0.001088,0.000018,-0.000018,-0.000016,0.000016,0.000020,-0.000020,0.000014,-0.000014,0.000010,-0.000010,0.000015,-0.000015,-0.000003,0.000003,-0.000003,0.000003,-0.000003,0.000003,0.001970,-0.001970,0.000250,-0.000250,-0.000004,0.000004,-0.000013,0.000013,-0.001709,0.001709,0.000020,-0.000020,-0.000011,0.000000,0.000000,0.000000,-0.000000,0.000000,0.000000
0.000018,-0.000055,0.000055,0.000019,-0.000019,-0.000008,0.000008,-0.000648,0.000648,-0.000949,0.000949,-0.000257,0.000257,-0.000015,0.000015,-0.000014,0.000014,-0.000311,0.000311,-0.000071,0.000071,0.000085,-0.000085,-0.000452,0.000452,-0.000026,0.000026,-0.001181,0.001181,0.003932,-0.003932,-0.000178,0.000178,-0.000144,0.000144,-0.000066,0.000066,0.000011,-0.000011,0.000018,-0.000018,-0.000239,0.000239,-0.000011,0.000011,0.001117,-0.001117,0.000249,-0.000249,0.001667,-0.001667,0.000562,-0.000562,0.000933,-0.000933,0.000003,-0.000003,-0.000495,0.000495,0.000016,-0.000016,-0.002372,0.002372,-0.000554,0.000554,0.000001,-0.000001,0.000654,-0.000654,-0.000011,0.000011,0.000426,-0.000426,0.000512,-0.000512,-0.000044,0.000044,-0.000062,0.000062,0.000124,-0.000124,0.000105,-0.000105,-0.000873,0.000873,-0.000310,0.000310,0.002647,-0.002647,-0.000157,0.000157,0.000678,-0.000678,-0.000476,0.000476,0.000772,-0.000772,-0.008726,0.008726,-0.005356,0.005356,0.001178,-0.001178,-0.000106,0.000106,0.000178,-0.000178,-0.000385,0.000385,0.000000,-0.000000,-0.000218,0.000218,-0.001571,0.001571,0.006188,-0.006188,-0.001429,0.001429,0.000000,-0.000000,-0.000006,0.000006,-0.000668,0.000668,0.000020,-0.000020,-0.000034,0.000034,-0.000020,0.000020,-0.000007,0.000007,0.000198,-0.000198,-0.000148,0.000148,-0.000012,0.000012,-0.000006,0.000006,-0.000021,0.000021,0.000083,-0.000083,-0.000003,0.000003,0.000001,-0.000001,0.000003,-0.000003,-0.000044,0.000044,0.000092,-0.000092,-0.000105,0.000105,0.001046,-0.001046,-0.000107,0.000107,-0.004593,0.004593,0.000059,-0.000059,-0.000342,0.000342,-0.007629,0.007629,-0.007330,0.007330,-0.002966,0.002966,-0.000418,0.000418,-0.000494,0.000494,0.000089,-0.000089,0.000238,-0.000238,0.000061,-0.000061,-0.002817,0.002817,-0.000265,0.000265,-0.000277,0.000277,0.000017,-0.000017,-0.000011,0.000011,-0.000034,0.000034,-0.000067,0.000067,0.000077,-0.000077,-0.000046,0.000000,0.000000,0.000000,-0.000000,0.000000,0.000000
0.000002,-0.000000,0.000000,-0.000000,0.000000,0.000012,-0.000012,-0.000007,0.000007,0.000387,-0.000387,0.000000,-0.000000,-0.000008,0.000008,0.000073,-0.000073,0.000000,-0.000000,0.000001,-0.000001,0.000003,-0.000003,0.000042,-0.000042,-0.000036,0.000036,-0.000019,0.000019,-0.000276,0.000276,0.000051,-0.000051,0.000117,-0.000117,-0.000000,0.000000,-0.000022,0.000022,0.000003,-0.000003,-0.000204,0.000204,-0.000050,0.000050,-0.000001,0.000001,0.000081,-0.000081,-0.000154,0.000154,-0.000013,0.000013,-0.000060,0.000060,-0.000004,0.000004,0.000030,-0.000030,0.000014,-0.000014,0.000227,-0.000227,-0.000030,0.000030,-0.000027,0.000027,0.000190,-0.000190,-0.000013,0.000013,0.000021,-0.000021,-0.000098,0.000098,0.000094,-0.000094,-0.000780,0.000780,-0.000499,0.000499,0.000091,-0.000091,0.000098,-0.000098,0.000043,-0.000043,-0.000260,0.000260,0.000017,-0.000017,-0.000156,0.000156,-0.000098,0.000098,0.000496,-0.000496,0.000669,-0.000669,0.000491,-0.000491,-0.000101,0.000101,0.000010,-0.000010,-0.000054,0.000054,0.000043,-0.000043,0.000000,-0.000000,0.000021,-0.000021,0.000144,-0.000144,-0.000515,0.000515,0.000133,-0.000133,-0.000000,0.000000,0.000028,-0.000028,-0.000054,0.000054,-0.000022,0.000022,0.000356,-0.000356,0.000211,-0.000211,0.000000,-0.000000,-0.000000,0.000000,0.000000,-0.000000,-0.000027,0.000027,0.000028,-0.000028,0.000001,-0.000001,-0.000015,0.000015,0.000002,-0.000002,0.000000,-0.000000,-0.000066,0.000066,0.000006,-0.000006,0.000000,-0.000000,0.000011,-0.000011,0.000608,-0.000608,-0.000927,0.000927,0.045875,-0.045875,-0.001680,0.001680,-0.000848,0.000848,-0.000074,0.000074,0.000004,-0.000004,-0.000298,0.000298,0.001212,-0.001212,-0.000085,0.000085,0.000111,-0.000111,0.000006,-0.000006,-0.001107,0.001107,-0.000278,0.000278,0.000061,-0.000061,0.000881,-0.000881,-0.000160,0.000160,0.000112,-0.000112,0.000575,-0.000575,0.000767,-0.000767,-0.000706,0.000706,0.000462,0.000000,0.000000,0.000000,0.000000,0.000000,0.000000
-0.000460,0.000966,-0.000966,-0.000369,0.000369,-0.001058,0.001058,0.009149,-0.009149,0.013641,-0.013641,0.003799,-0.003799,0.000112,-0.000112,-0.000045,0.000045,0.000720,-0.000720,0.000878,-0.000878,-0.001428,0.001428,0.006229,-0.006229,0.002372,-0.002372,0.004134,-0.004134,-0.000181,0.000181,0.000041,-0.000041,-0.000427,0.000427,-0.000001,0.000001,-0.000031,0.000031,0.000002,-0.000002,-0.000138,0.000138,-0.000008,0.000008,0.000000,-0.000000,0.000049,-0.000049,-0.000101,0.000101,-0.000000,0.000000,-0.000070,0.000070,0.000001,-0.000001,0.000024,-0.000024,0.000012,-0.000012,0.000157,-0.000157,-0.000053,0.000053,-0.000012,0.000012,0.000513,-0.000513,-0.000032,0.000032,-0.000021,0.000021,0.000160,-0.000160,0.000422,-0.000422,0.004441,-0.004441,0.003923,-0.003923,0.001763,-0.001763,0.000142,-0.000142,0.000132,-0.000132,-0.000251,0.000251,0.000151,-0.000151,-0.000238,0.000238,-0.000087,0.000087,0.012259,-0.012259,0.006416,-0.006416,0.000321,-0.000321,-0.001120,0.001120,0.000006,-0.000006,-0.000010,0.000010,0.000023,-0.000023,-0.000000,0.000000,0.000013,-0.000013,0.000094,-0.000094,-0.000372,0.000372,0.000087,-0.000087,-0.000000,0.000000,0.000000,-0.000000,0.000000,-0.000000,-0.000278,0.000278,0.000000,-0.000000,0.000000,-0.000000,-0.000000,0.000000,-0.001707,0.001707,0.002119,-0.002119,0.000000,-0.000000,0.000000,-0.000000,0.000000,-0.000000,0.000000,-0.000000,-0.000000,0.000000,0.000163,-0.000163,-0.000000,0.000000,-0.000006,0.000006,-0.000000,0.000000,-0.000000,0.000000,-0.000000,0.000000,-0.000000,0.000000,0.000001,-0.000001,-0.000000,0.000000,-0.000000,0.000000,-0.000000,0.000000,-0.000000,0.000000,-0.000000,0.000000,0.000000,-0.000000,0.000000,-0.000000,0.000001,-0.000001,-0.000000,0.000000,-0.000012,0.000012,-0.000000,0.000000,0.000020,-0.000020,0.000000,-0.000000,0.000001,-0.000001,0.000000,-0.000000,-0.000261,0.000261,0.000000,-0.000000,-0.000001,0.000001,-0.000015,0.000000,0.000000,0.000000,-0.000000,0.000000,0.000000
-0.000015,0.000000,-0.000000,-0.000012,0.000012,-0.000004,0.000004,0.000113,-0.000113,0.000001,-0.000001,0.000001,-0.000001,0.000224,-0.000224,-0.000043,0.000043,-0.000083,0.000083,0.000011,-0.000011,-0.000001,0.000001,0.000076,-0.000076,-0.000002,0.000002,0.000121,-0.000121,-0.000091,0.000091,0.000021,-0.000021,-0.000171,0.000171,0.000002,-0.000002,0.000097,-0.000097,-0.000031,0.000031,-0.000013,0.000013,0.000096,-0.000096,0.000142,-0.000142,0.000044,-0.000044,-0.000055,0.000055,0.000108,-0.000108,0.006745,-0.006745,-0.000002,0.000002,0.000225,-0.000225,-0.000041,0.000041,-0.000030,0.000030,0.000245,-0.000245,-0.000070,0.000070,0.000205,-0.000205,0.000248,-0.000248,0.000252,-0.000252,-0.000003,0.000003,0.000037,-0.000037,-0.000261,0.000261,0.000242,-0.000242,-0.000082,0.000082,-0.005316,0.005316,-0.000002,0.000002,-0.000141,0.000141,-0.000214,0.000214,-0.000310,0.000310,0.000220,-0.000220,-0.000098,0.000098,0.000588,-0.000588,0.000304,-0.000304,0.000160,-0.000160,0.000446,-0.000446,0.000138,-0.000138,0.000011,-0.000011,-0.000020,0.000020,-0.000003,0.000003,0.000047,-0.000047,-0.000664,0.000664,-0.000919,0.000919,0.000149,-0.000149,0.000145,-0.000145,0.000007,-0.000007,-0.000585,0.000585,0.006034,-0.006034,0.005922,-0.005922,0.001601,-0.001601,0.000350,-0.000350,0.000500,-0.000500,-0.000070,0.000070,-0.000218,0.000218,0.000157,-0.000157,0.000054,-0.000054,-0.008311,0.008311,-0.004120,0.004120,0.000001,-0.000001,-0.000000,0.000000,0.000001,-0.000001,0.000000,-0.000000,-0.000002,0.000002,0.000001,-0.000001,0.000000,-0.000000,0.000003,-0.000003,-0.000007,0.000007,0.000001,-0.000001,-0.000001,0.000001,-0.000001,0.000001,-0.000001,0.000001,0.000000,-0.000000,0.000000,-0.000000,-0.000001,0.000001,-0.000001,0.000001,0.000005,-0.000005,0.000001,-0.000001,0.000073,-0.000073,-0.000000,0.000000,0.000001,-0.000001,0.000001,-0.000001,0.000000,-0.000000,0.000001,-0.000001,0.000002,0.000000,0.000000,0.000000,-0.000000,-0.000000,-0.000000
-0.000084,-0.000002,0.000002,-0.000029,0.000029,-0.000000,0.000000,0.000028,-0.000028,0.000010,-0.000010,0.000003,-0.000003,0.001140,-0.001140,-0.000084,0.000084,0.000054,-0.000054,0.000056,-0.000056,-0.000002,0.000002,0.000155,-0.000155,-0.000001,0.000001,-0.000059,0.000059,-0.000009,0.000009,0.000099,-0.000099,-0.000010,0.000010,0.000013,-0.000013,0.000226,-0.000226,-0.000010,0.000010,0.000013,-0.000013,0.000015,-0.000015,0.000010,-0.000010,0.000173,-0.000173,-0.000229,0.000229,0.000579,-0.000579,0.036510,-0.036510,-0.000010,0.000010,0.001226,-0.001226,-0.000222,0.000222,-0.000007,0.000007,0.001344,-0.001344,-0.000495,0.000495,0.001433,-0.001433,0.000647,-0.000647,0.002121,-0.002121,-0.000038,0.000038,0.000139,-0.000139,0.001852,-0.001852,0.000729,-0.000729,-0.000137,0.000137,-0.002895,0.002895,-0.001332,0.001332,0.003545,-0.003545,0.001740,-0.001740,0.002714,-0.002714,-0.000019,0.000019,-0.000030,0.000030,0.002821,-0.002821,0.004583,-0.004583,0.000194,-0.000194,-0.002992,0.002992,-0.000588,0.000588,-0.000249,0.000249,-0.000128,0.000128,0.000087,-0.000087,0.000049,-0.000049,-0.004302,0.004302,-0.002173,0.002173,0.000016,-0.000016,0.000015,-0.000015,0.000002,-0.000002,-0.000060,0.000060,0.000621,-0.000621,0.000609,-0.000609,0.000165,-0.000165,0.000188,-0.000188,0.000052,-0.000052,-0.000008,0.000008,-0.000032,0.000032,0.000016,-0.000016,0.000008,-0.000008,-0.000855,0.000855,-0.000430,0.000430,0.000005,-0.000005,-0.000002,0.000002,0.000005,-0.000005,-0.000002,0.000002,-0.000003,0.000003,0.000001,-0.000001,0.000000,-0.000000,0.000008,-0.000008,-0.000026,0.000026,0.000004,-0.000004,-0.000003,0.000003,-0.000001,0.000001,-0.000001,0.000001,0.000001,-0.000001,0.000001,-0.000001,0.000000,-0.000000,0.000000,-0.000000,0.000020,-0.000020,0.000004,-0.000004,0.000392,-0.000392,0.000000,-0.000000,0.000003,-0.000003,0.000004,-0.000004,0.000003,-0.000003,0.000004,-0.000004,0.000013,0.000000,0.000000,0.000000,0.000000,-0.000000,-0.000000
-0.000008,0.000000,-0.000000,-0.000066,0.000066,-0.000000,0.000000,-0.001417,0.001417,0.000001,-0.000001,0.000001,-0.000001,0.000121,-0.000121,-0.000010,0.000010,-0.000008,0.000008,0.000006,-0.000006,0.000000,-0.000000,0.000124,-0.000124,-0.000001,0.000001,-0.001038,0.001038,-0.000015,0.000015,0.000010,-0.000010,-0.000006,0.000006,0.000001,-0.000001,0.000026,-0.000026,-0.000003,0.000003,-0.000003,0.000003,0.000012,-0.000012,0.000012,-0.000012,-0.000577,0.000577,-0.000022,0.000022,0.000062,-0.000062,0.003749,-0.003749,-0.000001,0.000001,0.000129,-0.000129,-0.000023,0.000023,-0.000000,0.000000,0.000133,-0.000133,-0.000049,0.000049,0.000140,-0.000140,0.000140,-0.000140,0.000132,-0.000132,-0.000001,0.000001,0.000023,-0.000023,-0.000143,0.000143,0.000136,-0.000136,-0.000045,0.000045,-0.000574,0.000574,-0.000007,0.000007,-0.000084,0.000084,-0.000121,0.000121,-0.000168,0.000168,0.000027,-0.000027,-0.000052,0.000052,0.000342,-0.000342,0.000173,-0.000173,0.000099,-0.000099,0.000225,-0.000225,0.000076,-0.000076,0.000009,-0.000009,-0.000015,0.000015,0.000008,-0.000008,0.000007,-0.000007,-0.000433,0.000433,-0.000260,0.000260,0.000013,-0.000013,0.000012,-0.000012,0.000003,-0.000003,-0.000048,0.000048,0.000489,-0.000489,0.000479,-0.000479,0.000130,-0.000130,0.000148,-0.000148,0.000041,-0.000041,-0.000007,0.000007,-0.000025,0.000025,0.000012,-0.000012,0.000007,-0.000007,-0.000673,0.000673,-0.000339,0.000339,0.000004,-0.000004,-0.000002,0.000002,0.000004,-0.000004,-0.000002,0.000002,-0.000000,0.000000,0.000006,-0.000006,0.000001,-0.000001,0.000013,-0.000013,-0.000019,0.000019,0.000003,-0.000003,-0.000006,0.000006,-0.000004,0.000004,-0.000007,0.000007,-0.000000,0.000000,0.000001,-0.000001,0.000003,-0.000003,0.000002,-0.000002,0.000019,-0.000019,0.000004,-0.000004,0.000041,-0.000041,-0.000004,0.000004,0.000002,-0.000002,-0.000001,0.000001,0.000002,-0.000002,0.000004,-0.000004,0.000000,0.000000,0.000000,0.000000,0.000000,0.000000,0.000000
